Rhsim01G0003900	AP2
Rhsim01G0006300	C2H2
Rhsim01G0007200	MYB
Rhsim01G0008900	CO-like
Rhsim01G0010700	CO-like
Rhsim01G0020000	FAR1
Rhsim01G0033600	WRKY
Rhsim01G0043000	ARR-B
Rhsim01G0046400	ARR-B
Rhsim01G0048200	FAR1
Rhsim01G0049800	TALE
Rhsim01G0066200	FAR1
Rhsim01G0066600	WD40
Rhsim01G0067900	YABBY
Rhsim01G0070400	MYB
Rhsim01G0076800	C3H
Rhsim01G0088000	WD40
Rhsim01G0088900	GRAS
Rhsim01G0089500	G2-like
Rhsim01G0090200	FAR1
Rhsim01G0094400	HSF
Rhsim01G0100700	CPP
Rhsim01G0105700	SBP
Rhsim01G0109000	Nin-like
Rhsim01G0110900	ARF
Rhsim01G0113700	FAR1
Rhsim01G0114700	B3
Rhsim01G0117100	HB-other
Rhsim01G0119900	FAR1
Rhsim01G0121100	FAR1
Rhsim01G0123100	C2H2
Rhsim01G0129000	FAR1
Rhsim01G0129400	MYB
Rhsim01G0131000	bHlH
Rhsim01G0132800	MYB_related
Rhsim01G0133700	MYB
Rhsim01G0134800	bHlH
Rhsim01G0135400	C2H2
Rhsim01G0135500	C2H2
Rhsim01G0135800	GATA
Rhsim01G0137300	MYB
Rhsim01G0141600	Trihelix
Rhsim01G0147300	WD40
Rhsim01G0147800	FAR1
Rhsim01G0149600	FAR1
Rhsim01G0150800	GRAS
Rhsim01G0150900	GRAS
Rhsim01G0152900	FAR1
Rhsim01G0153900	FAR1
Rhsim01G0159200	FAR1
Rhsim01G0165200	FAR1
Rhsim01G0168300	HSF
Rhsim01G0171500	C3H
Rhsim01G0173000	FAR1
Rhsim01G0174100	ARF
Rhsim01G0174700	MYB
Rhsim01G0174800	Dof
Rhsim01G0174900	FAR1
Rhsim01G0177300	HD-ZIP
Rhsim01G0177800	FAR1
Rhsim01G0178400	bHlH
Rhsim01G0179900	NAC
Rhsim01G0181200	bHlH
Rhsim01G0181400	B3
Rhsim01G0186700	C3H
Rhsim01G0189500	EIL
Rhsim01G0190100	FAR1
Rhsim01G0191700	C3H
Rhsim01G0192000	NF-YA
Rhsim01G0196400	EIL
Rhsim01G0199400	YABBY
Rhsim01G0202000	E2F/DP
Rhsim01G0202700	NAC
Rhsim01G0205300	bZIP
Rhsim01G0205800	C2H2
Rhsim01G0207300	ERF
Rhsim01G0208000	FAR1
Rhsim01G0208600	C2H2
Rhsim01G0209600	FAR1
Rhsim01G0210300	C2H2
Rhsim01G0210500	C2H2
Rhsim01G0214800	MYB_related
Rhsim01G0214900	TALE
Rhsim01G0216000	GATA
Rhsim01G0216100	HD-ZIP
Rhsim01G0220700	LBD
Rhsim01G0221100	Dof
Rhsim01G0221400	WD40
Rhsim01G0221900	AP2
Rhsim01G0223200	WOX
Rhsim01G0224600	MYB
Rhsim01G0226000	FAR1
Rhsim01G0226600	WOX
Rhsim01G0226800	Dof
Rhsim01G0229600	MYB_related
Rhsim01G0229800	MYB_related
Rhsim01G0230200	GRAS
Rhsim01G0230300	GRAS
Rhsim01G0231100	G2-like
Rhsim01G0231800	C2H2
Rhsim01G0235000	MYB
Rhsim01G0235700	MYB
Rhsim01G0239200	bZIP
Rhsim01G0239300	G2-like
Rhsim01G0239700	GRAS
Rhsim01G0241100	WRKY
Rhsim01G0241800	LBD
Rhsim01G0242800	MYB_related
Rhsim01G0242900	bZIP
Rhsim01G0243100	B3
Rhsim01G0243900	ERF
Rhsim01G0244500	B3
Rhsim01G0248100	FAR1
Rhsim01G0252500	B3
Rhsim01G0252600	B3
Rhsim01G0252700	B3
Rhsim01G0253300	ERF
Rhsim01G0253500	B3
Rhsim01G0253600	B3
Rhsim01G0255900	WD40
Rhsim01G0256700	C3H
Rhsim01G0257000	C3H
Rhsim01G0257200	C3H
Rhsim01G0258000	B3
Rhsim01G0258300	bHlH
Rhsim01G0259400	WD40
Rhsim01G0261200	G2-like
Rhsim01G0264200	MYB
Rhsim01G0264600	ERF
Rhsim01G0264700	ERF
Rhsim01G0264800	ERF
Rhsim01G0264900	ERF
Rhsim01G0265000	ERF
Rhsim01G0266100	LBD
Rhsim01G0266200	LBD
Rhsim01G0266700	C2H2
Rhsim01G0266900	C2H2
Rhsim01G0267800	bHlH
Rhsim01G0268400	WRKY
Rhsim01G0270100	bHlH
Rhsim01G0272100	HSF
Rhsim01G0273300	WD40
Rhsim01G0275500	bHlH
Rhsim01G0279900	ARF
Rhsim01G0282700	NF-YB
Rhsim01G0284900	C3H
Rhsim01G0285700	M-type_MADS
Rhsim01G0287500	ERF
Rhsim01G0289000	C2H2
Rhsim01G0289600	MYB_related
Rhsim01G0290700	bZIP
Rhsim01G0291300	GRAS
Rhsim02G0001800	MYB
Rhsim02G0002700	WRKY
Rhsim02G0005500	CAMTA
Rhsim02G0005800	ARR-B
Rhsim02G0006100	GATA
Rhsim02G0012300	C3H
Rhsim02G0015700	WD40
Rhsim02G0017200	FAR1
Rhsim02G0020800	NF-YC
Rhsim02G0028000	CPP
Rhsim02G0032500	bHlH
Rhsim02G0032900	bHlH
Rhsim02G0033700	MYB
Rhsim02G0036200	ERF
Rhsim02G0040100	ERF
Rhsim02G0040200	ERF
Rhsim02G0043500	WD40
Rhsim02G0049100	WD40
Rhsim02G0057000	G2-like
Rhsim02G0062200	HSF
Rhsim02G0069700	NAC
Rhsim02G0069800	NAC
Rhsim02G0071200	HSF
Rhsim02G0071500	E2F/DP
Rhsim02G0072800	FAR1
Rhsim02G0078000	FAR1
Rhsim02G0078200	FAR1
Rhsim02G0078600	FAR1
Rhsim02G0078900	FAR1
Rhsim02G0079400	FAR1
Rhsim02G0079600	FAR1
Rhsim02G0079900	FAR1
Rhsim02G0080200	FAR1
Rhsim02G0080400	FAR1
Rhsim02G0081200	FAR1
Rhsim02G0081500	DBB
Rhsim02G0084200	bHlH
Rhsim02G0084600	B3
Rhsim02G0087800	G2-like
Rhsim02G0090900	FAR1
Rhsim02G0091100	MYB
Rhsim02G0096300	GRAS
Rhsim02G0098900	GRAS
Rhsim02G0102200	FAR1
Rhsim02G0105500	FAR1
Rhsim02G0111100	HD-ZIP
Rhsim02G0111800	MYB_related
Rhsim02G0114200	FAR1
Rhsim02G0116400	bHlH
Rhsim02G0117100	B3
Rhsim02G0119000	MYB
Rhsim02G0120000	WD40
Rhsim02G0121300	NAC
Rhsim02G0122000	NAC
Rhsim02G0126600	M-type_MADS
Rhsim02G0126700	FAR1
Rhsim02G0127400	FAR1
Rhsim02G0131400	bHlH
Rhsim02G0132200	WD40
Rhsim02G0132500	Dof
Rhsim02G0133200	ERF
Rhsim02G0133400	ERF
Rhsim02G0134900	HB-other
Rhsim02G0135600	HD-ZIP
Rhsim02G0135800	ARF
Rhsim02G0136600	VOZ
Rhsim02G0139200	TCP
Rhsim02G0142300	FAR1
Rhsim02G0142700	Dof
Rhsim02G0143100	Trihelix
Rhsim02G0143200	WD40
Rhsim02G0146200	WRKY
Rhsim02G0147500	BES1
Rhsim02G0153300	ERF
Rhsim02G0153400	ERF
Rhsim02G0156000	FAR1
Rhsim02G0161200	HD-ZIP
Rhsim02G0161300	NF-YA
Rhsim02G0163600	FAR1
Rhsim02G0167400	B3
Rhsim02G0167600	B3
Rhsim02G0167700	LSD
Rhsim02G0171700	FAR1
Rhsim02G0173000	Whirly
Rhsim02G0173500	ERF
Rhsim02G0176800	GATA
Rhsim02G0178500	ERF
Rhsim02G0178600	ERF
Rhsim02G0178800	ERF
Rhsim02G0181500	MYB
Rhsim02G0195700	HB-other
Rhsim02G0198800	HB-other
Rhsim02G0199000	bZIP
Rhsim02G0200600	ERF
Rhsim02G0202400	FAR1
Rhsim02G0203800	NAC
Rhsim02G0204000	NAC
Rhsim02G0204100	NAC
Rhsim02G0204300	NAC
Rhsim02G0204400	NAC
Rhsim02G0204500	NAC
Rhsim02G0204700	NAC
Rhsim02G0205900	HB-other
Rhsim02G0207400	ERF
Rhsim02G0207600	C2H2
Rhsim02G0213700	WRKY
Rhsim02G0213800	WRKY
Rhsim02G0214000	WD40
Rhsim02G0221100	B3
Rhsim02G0225800	NF-YC
Rhsim02G0231600	bHlH
Rhsim02G0235100	MYB
Rhsim02G0240600	ERF
Rhsim02G0240800	WD40
Rhsim02G0242500	ERF
Rhsim02G0242600	HD-ZIP
Rhsim02G0247700	ARF
Rhsim02G0247900	ARF
Rhsim02G0248200	ARF
Rhsim02G0248300	ARF
Rhsim02G0249200	WD40
Rhsim02G0249900	Dof
Rhsim02G0252700	bHlH
Rhsim02G0253100	GRF
Rhsim02G0253300	NAC
Rhsim02G0254700	B3
Rhsim03G0001800	ERF
Rhsim03G0005200	HD-ZIP
Rhsim03G0007300	MYB_related
Rhsim03G0008500	G2-like
Rhsim03G0008900	SBP
Rhsim03G0009400	bZIP
Rhsim03G0010500	bHlH
Rhsim03G0010700	bHlH
Rhsim03G0012200	C2H2
Rhsim03G0012800	bZIP
Rhsim03G0013100	bZIP
Rhsim03G0016200	C3H
Rhsim03G0017700	C3H
Rhsim03G0019600	FAR1
Rhsim03G0027000	AP2
Rhsim03G0027200	HSF
Rhsim03G0032000	WD40
Rhsim03G0040200	WD40
Rhsim03G0045800	MYB
Rhsim03G0046000	ZF-HD
Rhsim03G0048700	MYB
Rhsim03G0049100	Dof
Rhsim03G0050500	LBD
Rhsim03G0056100	FAR1
Rhsim03G0063500	M-type_MADS
Rhsim03G0063600	NF-YA
Rhsim03G0064100	Dof
Rhsim03G0066900	E2F/DP
Rhsim03G0069500	B3
Rhsim03G0070100	NAC
Rhsim03G0075500	WD40
Rhsim03G0076000	bZIP
Rhsim03G0076100	M-type_MADS
Rhsim03G0080400	ERF
Rhsim03G0080600	Trihelix
Rhsim03G0081300	HSF
Rhsim03G0081700	C2H2
Rhsim03G0083300	Trihelix
Rhsim03G0083900	HD-ZIP
Rhsim03G0084100	HD-ZIP
Rhsim03G0084500	HD-ZIP
Rhsim03G0088900	WD40
Rhsim03G0089200	C2H2
Rhsim03G0089500	MYB
Rhsim03G0090900	MYB
Rhsim03G0093000	TCP
Rhsim03G0096000	bZIP
Rhsim03G0098500	M-type_MADS
Rhsim03G0106600	FAR1
Rhsim03G0112000	NAC
Rhsim03G0112100	NAC
Rhsim03G0112400	C2H2
Rhsim03G0119800	GATA
Rhsim03G0119900	ARF
Rhsim03G0122500	NF-YB
Rhsim03G0126300	FAR1
Rhsim03G0132900	GRAS
Rhsim03G0133000	WD40
Rhsim03G0133600	FAR1
Rhsim03G0134200	C2H2
Rhsim03G0138700	MYB
Rhsim03G0139800	MYB
Rhsim03G0141000	WOX
Rhsim03G0143800	NF-X1
Rhsim03G0145200	bHlH
Rhsim03G0145500	G2-like
Rhsim03G0146800	LBD
Rhsim03G0151900	bZIP
Rhsim03G0153300	WRKY
Rhsim03G0160200	MYB_related
Rhsim03G0160300	FAR1
Rhsim03G0160700	C3H
Rhsim03G0161000	ERF
Rhsim03G0161100	ERF
Rhsim03G0161200	ERF
Rhsim03G0163900	FAR1
Rhsim03G0164700	ERF
Rhsim03G0173700	bHlH
Rhsim03G0173800	bHlH
Rhsim03G0173900	bHlH
Rhsim03G0174000	bHlH
Rhsim03G0174100	Trihelix
Rhsim03G0174500	MIKC_MADS
Rhsim03G0175000	MIKC_MADS
Rhsim03G0175200	TCP
Rhsim03G0176000	WD40
Rhsim03G0176400	ERF
Rhsim03G0176500	ERF
Rhsim03G0176600	ERF
Rhsim03G0177000	ARR-B
Rhsim03G0178500	HD-ZIP
Rhsim03G0178900	HSF
Rhsim03G0180200	WD40
Rhsim03G0180500	MYB
Rhsim03G0188200	C2H2
Rhsim03G0189900	GRAS
Rhsim03G0191500	MYB_related
Rhsim03G0192300	WRKY
Rhsim03G0196600	WD40
Rhsim03G0198200	ERF
Rhsim03G0198800	WRKY
Rhsim03G0209600	Nin-like
Rhsim03G0214300	GRF
Rhsim03G0217000	NAC
Rhsim03G0220500	WD40
Rhsim03G0223000	MYB
Rhsim03G0226400	ERF
Rhsim03G0228700	GRF
Rhsim03G0229400	MYB
Rhsim03G0230500	NF-YA
Rhsim03G0230900	WD40
Rhsim03G0231200	WD40
Rhsim03G0231600	bHlH
Rhsim03G0232600	GATA
Rhsim03G0233000	WD40
Rhsim03G0233500	HRT-like
Rhsim03G0233600	WD40
Rhsim03G0233900	HRT-like
Rhsim03G0235400	C3H
Rhsim03G0236000	NAC
Rhsim03G0236900	HSF
Rhsim03G0238700	ERF
Rhsim03G0240100	CPP
Rhsim03G0248300	ERF
Rhsim03G0250200	WD40
Rhsim03G0250600	MYB
Rhsim03G0254400	TALE
Rhsim03G0255700	ARR-B
Rhsim03G0263500	MYB
Rhsim03G0263800	ARR-B
Rhsim03G0264000	C2H2
Rhsim03G0267100	LBD
Rhsim03G0267300	bHlH
Rhsim03G0269700	C3H
Rhsim03G0269900	ERF
Rhsim04G0003800	C3H
Rhsim04G0004000	NAC
Rhsim04G0005500	LBD
Rhsim04G0006100	NAC
Rhsim04G0007000	WRKY
Rhsim04G0007800	C2H2
Rhsim04G0008500	WD40
Rhsim04G0008700	MYB
Rhsim04G0012600	NF-YB
Rhsim04G0014800	GRAS
Rhsim04G0015000	WRKY
Rhsim04G0016800	WOX
Rhsim04G0017000	WOX
Rhsim04G0019000	NAC
Rhsim04G0022500	ERF
Rhsim04G0023300	HB-other
Rhsim04G0024200	TCP
Rhsim04G0025000	M-type_MADS
Rhsim04G0025100	M-type_MADS
Rhsim04G0027400	SAP
Rhsim04G0029300	NF-YB
Rhsim04G0031200	CO-like
Rhsim04G0038100	WD40
Rhsim04G0038900	MYB
Rhsim04G0039000	GRAS
Rhsim04G0047500	C3H
Rhsim04G0048700	C3H
Rhsim04G0049500	C3H
Rhsim04G0049600	WD40
Rhsim04G0052400	WRKY
Rhsim04G0057000	bHlH
Rhsim04G0057500	bHlH
Rhsim04G0061500	MYB
Rhsim04G0061600	MYB_related
Rhsim04G0061700	MYB
Rhsim04G0061800	MYB
Rhsim04G0061900	MYB
Rhsim04G0070000	SBP
Rhsim04G0070400	C3H
Rhsim04G0072500	LBD
Rhsim04G0084400	FAR1
Rhsim04G0084700	bHlH
Rhsim04G0085400	NAC
Rhsim04G0086400	G2-like
Rhsim04G0086900	GATA
Rhsim04G0096100	HD-ZIP
Rhsim04G0097700	SBP
Rhsim04G0099500	WD40
Rhsim04G0102000	C2H2
Rhsim04G0102300	NAC
Rhsim04G0111500	bZIP
Rhsim04G0115100	FAR1
Rhsim04G0119300	GRAS
Rhsim04G0121900	B3
Rhsim04G0123300	WD40
Rhsim04G0125100	ERF
Rhsim04G0130400	TALE
Rhsim04G0134400	GRF
Rhsim04G0136700	Trihelix
Rhsim04G0143500	FAR1
Rhsim04G0144700	TCP
Rhsim04G0145900	FAR1
Rhsim04G0147000	ARF
Rhsim04G0147200	ERF
Rhsim04G0150600	ERF
Rhsim04G0151500	WOX
Rhsim04G0151700	NF-YB
Rhsim04G0156500	Dof
Rhsim04G0157400	MYB
Rhsim04G0157900	GRAS
Rhsim04G0158500	WRKY
Rhsim04G0161500	FAR1
Rhsim04G0161700	C2H2
Rhsim04G0161800	C2H2
Rhsim04G0171600	FAR1
Rhsim04G0182500	MYB
Rhsim04G0184600	ERF
Rhsim04G0184700	ERF
Rhsim04G0188900	C2H2
Rhsim04G0189000	C2H2
Rhsim04G0193600	WD40
Rhsim04G0194100	NAC
Rhsim04G0194200	NAC
Rhsim04G0194300	NAC
Rhsim04G0194900	bHlH
Rhsim04G0197300	HSF
Rhsim04G0199300	CPP
Rhsim04G0211600	NAC
Rhsim04G0211700	NAC
Rhsim04G0211800	NAC
Rhsim04G0214100	SBP
Rhsim04G0216100	M-type_MADS
Rhsim04G0218800	ERF
Rhsim04G0218900	C3H
Rhsim04G0219400	MYB_related
Rhsim04G0220000	NF-YB
Rhsim04G0224200	WD40
Rhsim04G0227500	ERF
Rhsim04G0231700	ARR-B
Rhsim04G0231900	GATA
Rhsim04G0232300	C2H2
Rhsim04G0233600	CAMTA
Rhsim04G0234300	WD40
Rhsim04G0234800	bZIP
Rhsim04G0240600	WRKY
Rhsim04G0242900	MYB
Rhsim04G0246900	CAMTA
Rhsim04G0247600	SBP
Rhsim05G0004100	ARF
Rhsim05G0004400	ERF
Rhsim05G0010700	MYB_related
Rhsim05G0010800	MYB
Rhsim05G0011000	NF-X1
Rhsim05G0016500	MYB_related
Rhsim05G0017500	bHlH
Rhsim05G0018200	HSF
Rhsim05G0018400	C3H
Rhsim05G0018600	bHlH
Rhsim05G0019200	LBD
Rhsim05G0019700	LBD
Rhsim05G0020100	LBD
Rhsim05G0020600	WD40
Rhsim05G0021900	GATA
Rhsim05G0022500	MYB
Rhsim05G0022900	HRT-like
Rhsim05G0023200	HRT-like
Rhsim05G0029200	NAC
Rhsim05G0029500	C3H
Rhsim05G0029700	MYB
Rhsim05G0036700	ERF
Rhsim05G0036900	ERF
Rhsim05G0037100	ERF
Rhsim05G0037500	NAC
Rhsim05G0038900	WD40
Rhsim05G0041500	ERF
Rhsim05G0042200	B3
Rhsim05G0047900	WD40
Rhsim05G0048700	FAR1
Rhsim05G0049700	NAC
Rhsim05G0052400	WD40
Rhsim05G0054200	bHlH
Rhsim05G0054400	bHlH
Rhsim05G0057000	WD40
Rhsim05G0057100	bZIP
Rhsim05G0058800	bZIP
Rhsim05G0060800	MYB
Rhsim05G0063200	bHlH
Rhsim05G0067700	bZIP
Rhsim05G0067800	BBR-BPC
Rhsim05G0068400	DBB
Rhsim05G0069100	DBB
Rhsim05G0069700	WD40
Rhsim05G0070500	WD40
Rhsim05G0071600	bZIP
Rhsim05G0073900	MYB_related
Rhsim05G0074800	WD40
Rhsim05G0078400	WD40
Rhsim05G0078600	ZF-HD
Rhsim05G0078700	ZF-HD
Rhsim05G0078800	ZF-HD
Rhsim05G0079100	B3
Rhsim05G0083100	B3
Rhsim05G0083200	B3
Rhsim05G0084300	ERF
Rhsim05G0084400	ERF
Rhsim05G0085200	bZIP
Rhsim05G0085600	bZIP
Rhsim05G0088000	MYB
Rhsim05G0090300	LBD
Rhsim05G0093400	M-type_MADS
Rhsim05G0093500	M-type_MADS
Rhsim05G0094500	bHlH
Rhsim05G0098500	MIKC_MADS
Rhsim05G0098700	MIKC_MADS
Rhsim05G0099300	MIKC_MADS
Rhsim05G0100500	NAC
Rhsim05G0100700	NAC
Rhsim05G0101200	FAR1
Rhsim05G0101600	GATA
Rhsim05G0109300	B3
Rhsim05G0110700	FAR1
Rhsim05G0111300	NAC
Rhsim05G0112200	MIKC_MADS
Rhsim05G0113600	bZIP
Rhsim05G0114600	FAR1
Rhsim05G0115200	FAR1
Rhsim05G0115600	C3H
Rhsim05G0117600	NAC
Rhsim05G0121300	C3H
Rhsim05G0121500	FAR1
Rhsim05G0121900	FAR1
Rhsim05G0124000	bHlH
Rhsim05G0124200	MYB
Rhsim05G0126000	FAR1
Rhsim05G0126900	TALE
Rhsim05G0132000	RAV
Rhsim05G0134000	GATA
Rhsim05G0138000	FAR1
Rhsim05G0139300	FAR1
Rhsim05G0143500	NF-YC
Rhsim05G0148700	WD40
Rhsim05G0150900	MYB_related
Rhsim05G0159700	GeBP
Rhsim05G0159900	FAR1
Rhsim05G0162600	LBD
Rhsim05G0164300	ERF
Rhsim05G0165400	AP2
Rhsim05G0168200	WRKY
Rhsim05G0169800	ERF
Rhsim05G0169900	ERF
Rhsim05G0171800	G2-like
Rhsim05G0175000	MYB
Rhsim05G0183000	C2H2
Rhsim05G0183100	NAC
Rhsim05G0191200	E2F/DP
Rhsim05G0191800	WD40
Rhsim05G0192900	MYB
Rhsim05G0193400	MYB
Rhsim05G0195800	C2H2
Rhsim05G0195900	C2H2
Rhsim05G0197300	TALE
Rhsim05G0198400	MYB_related
Rhsim05G0198900	MYB_related
Rhsim05G0201400	MYB
Rhsim05G0206600	MYB
Rhsim05G0208500	GRAS
Rhsim05G0210500	NF-YC
Rhsim05G0213300	FAR1
Rhsim05G0216700	Trihelix
Rhsim05G0220700	bHlH
Rhsim05G0221300	bHlH
Rhsim05G0221500	bHlH
Rhsim05G0222000	G2-like
Rhsim05G0225300	BES1
Rhsim05G0226500	WRKY
Rhsim05G0231400	WRKY
Rhsim05G0231500	WRKY
Rhsim06G0001400	SBP
Rhsim06G0001900	bZIP
Rhsim06G0003800	NAC
Rhsim06G0021000	WD40
Rhsim06G0022000	E2F/DP
Rhsim06G0023400	ARF
Rhsim06G0025500	BBR-BPC
Rhsim06G0026000	WD40
Rhsim06G0026900	DBB
Rhsim06G0027000	MIKC_MADS
Rhsim06G0027500	ERF
Rhsim06G0028700	bZIP
Rhsim06G0029200	ERF
Rhsim06G0030700	C2H2
Rhsim06G0032200	MYB_related
Rhsim06G0032400	ZF-HD
Rhsim06G0036400	NAC
Rhsim06G0039900	WD40
Rhsim06G0040700	G2-like
Rhsim06G0040900	B3
Rhsim06G0041000	Dof
Rhsim06G0046000	MYB
Rhsim06G0050700	bZIP
Rhsim06G0051300	bHlH
Rhsim06G0051400	WD40
Rhsim06G0051500	HSF
Rhsim06G0052600	bHlH
Rhsim06G0052800	NAC
Rhsim06G0053000	WOX
Rhsim06G0053100	ERF
Rhsim06G0054700	WRKY
Rhsim06G0055400	MYB
Rhsim06G0058000	WD40
Rhsim06G0061000	LBD
Rhsim06G0061100	LBD
Rhsim06G0061200	LBD
Rhsim06G0061300	LBD
Rhsim06G0061400	LBD
Rhsim06G0061500	C2H2
Rhsim06G0063400	FAR1
Rhsim06G0064700	GRF
Rhsim06G0064900	AP2
Rhsim06G0065000	bHlH
Rhsim06G0065800	MYB
Rhsim06G0069000	bHlH
Rhsim06G0069800	M-type_MADS
Rhsim06G0070700	GATA
Rhsim06G0071200	WD40
Rhsim06G0071900	MIKC_MADS
Rhsim06G0074200	WD40
Rhsim06G0074400	ZF-HD
Rhsim06G0076800	bHlH
Rhsim06G0080300	C2H2
Rhsim06G0081200	C2H2
Rhsim06G0081600	MYB
Rhsim06G0084700	ERF
Rhsim06G0085600	M-type_MADS
Rhsim06G0086700	FAR1
Rhsim06G0087400	WD40
Rhsim06G0088300	FAR1
Rhsim06G0089300	NAC
Rhsim06G0095300	TCP
Rhsim06G0096400	NAC
Rhsim06G0097200	C2H2
Rhsim06G0101500	FAR1
Rhsim06G0102700	MYB
Rhsim06G0104900	ZF-HD
Rhsim06G0105000	ERF
Rhsim06G0105300	GRAS
Rhsim06G0107200	C2H2
Rhsim06G0116500	WD40
Rhsim06G0119100	MIKC_MADS
Rhsim06G0124200	HSF
Rhsim06G0128900	MYB_related
Rhsim06G0131000	Trihelix
Rhsim06G0132800	bHlH
Rhsim06G0133700	TCP
Rhsim06G0134900	M-type_MADS
Rhsim06G0135000	bZIP
Rhsim06G0136300	NAC
Rhsim06G0136900	HB-other
Rhsim06G0137200	G2-like
Rhsim06G0137400	bHlH
Rhsim06G0138000	WD40
Rhsim06G0138500	ERF
Rhsim06G0147200	ERF
Rhsim06G0153300	MYB
Rhsim06G0153600	MYB
Rhsim06G0153700	MYB
Rhsim06G0153800	MYB
Rhsim06G0156300	GeBP
Rhsim06G0156400	GeBP
Rhsim06G0156500	M-type_MADS
Rhsim06G0156700	WRKY
Rhsim06G0157800	CO-like
Rhsim06G0159100	MYB_related
Rhsim06G0159900	HD-ZIP
Rhsim06G0163100	MYB
Rhsim06G0164400	WRKY
Rhsim06G0168600	C3H
Rhsim06G0168700	ERF
Rhsim06G0174100	WRKY
Rhsim06G0174200	GRAS
Rhsim06G0176200	FAR1
Rhsim06G0176700	NF-YB
Rhsim06G0179000	CO-like
Rhsim06G0187900	C2H2
Rhsim06G0188200	GRAS
Rhsim06G0190900	bHlH
Rhsim06G0192000	NZZ/SPL
Rhsim06G0195100	NAC
Rhsim06G0195200	NAC
Rhsim06G0196100	ERF
Rhsim06G0196200	WD40
Rhsim06G0199300	WD40
Rhsim06G0201200	SBP
Rhsim06G0202800	NAC
Rhsim06G0203100	HD-ZIP
Rhsim06G0203700	HB-other
Rhsim06G0204100	bZIP
Rhsim06G0206700	M-type_MADS
Rhsim06G0206800	M-type_MADS
Rhsim06G0211600	WD40
Rhsim06G0220000	WRKY
Rhsim06G0226600	WRKY
Rhsim06G0231600	FAR1
Rhsim06G0234500	WD40
Rhsim06G0235100	C2H2
Rhsim06G0235700	WRKY
Rhsim06G0235900	GRAS
Rhsim06G0237600	NAC
Rhsim06G0239700	NAC
Rhsim06G0239900	LBD
Rhsim06G0242700	NF-YC
Rhsim06G0244400	G2-like
Rhsim07G0002600	WD40
Rhsim07G0002700	MYB
Rhsim07G0003300	ERF
Rhsim07G0003400	bHlH
Rhsim07G0005200	C3H
Rhsim07G0005900	WRKY
Rhsim07G0007100	ERF
Rhsim07G0007600	bZIP
Rhsim07G0009800	WRKY
Rhsim07G0010600	WRKY
Rhsim07G0011200	MYB_related
Rhsim07G0015600	bHlH
Rhsim07G0015700	BES1
Rhsim07G0019400	MYB
Rhsim07G0019500	MYB
Rhsim07G0019600	MYB
Rhsim07G0020300	HD-ZIP
Rhsim07G0021200	G2-like
Rhsim07G0021900	WD40
Rhsim07G0022000	WD40
Rhsim07G0022500	TCP
Rhsim07G0023300	MIKC_MADS
Rhsim07G0027100	LBD
Rhsim07G0030900	GRAS
Rhsim07G0032300	bHlH
Rhsim07G0032800	SBP
Rhsim07G0032900	SBP
Rhsim07G0033500	ERF
Rhsim07G0034700	HD-ZIP
Rhsim07G0037500	WRKY
Rhsim07G0044100	bHlH
Rhsim07G0047100	B3
Rhsim07G0047200	B3
Rhsim07G0049000	C2H2
Rhsim07G0050300	M-type_MADS
Rhsim07G0050500	HD-ZIP
Rhsim07G0054000	bHlH
Rhsim07G0054700	C3H
Rhsim07G0055000	C2H2
Rhsim07G0055800	C3H
Rhsim07G0056100	NF-YA
Rhsim07G0058400	WD40
Rhsim07G0058700	WD40
Rhsim07G0059200	MIKC_MADS
Rhsim07G0060900	bZIP
Rhsim07G0061900	WD40
Rhsim07G0062300	GRAS
Rhsim07G0066700	WD40
Rhsim07G0067700	Trihelix
Rhsim07G0072000	NF-YC
Rhsim07G0072500	ERF
Rhsim07G0074500	ERF
Rhsim07G0075400	bZIP
Rhsim07G0075800	ERF
Rhsim07G0076800	NAC
Rhsim07G0077600	bHlH
Rhsim07G0077900	HD-ZIP
Rhsim07G0079100	WD40
Rhsim07G0079500	bHlH
Rhsim07G0080400	WD40
Rhsim07G0080500	Nin-like
Rhsim07G0082700	ERF
Rhsim07G0083000	MYB_related
Rhsim07G0083100	WRKY
Rhsim07G0083300	WD40
Rhsim07G0085000	ERF
Rhsim07G0085200	bZIP
Rhsim07G0087300	WRKY
Rhsim07G0087600	WRKY
Rhsim07G0087800	MYB
Rhsim07G0090600	B3
Rhsim07G0090700	B3
Rhsim07G0090800	B3
Rhsim07G0094200	GRAS
Rhsim07G0094800	ERF
Rhsim07G0096100	TALE
Rhsim07G0096200	MIKC_MADS
Rhsim07G0096300	WD40
Rhsim07G0096700	bHlH
Rhsim07G0097500	GRF
Rhsim07G0098600	GRF
Rhsim07G0101800	C2H2
Rhsim07G0102900	MYB
Rhsim07G0104000	NAC
Rhsim07G0104100	YABBY
Rhsim07G0107600	G2-like
Rhsim07G0110600	MYB
Rhsim07G0115100	MYB
Rhsim07G0115400	HD-ZIP
Rhsim07G0115600	ERF
Rhsim07G0115700	ERF
Rhsim07G0115900	ERF
Rhsim07G0116400	ERF
Rhsim07G0116600	ERF
Rhsim07G0116700	ERF
Rhsim07G0119000	GATA
Rhsim07G0125400	LSD
Rhsim07G0127300	bHlH
Rhsim07G0128000	FAR1
Rhsim07G0128500	bHlH
Rhsim07G0128600	C3H
Rhsim07G0130600	HSF
Rhsim07G0131500	G2-like
Rhsim07G0132900	bZIP
Rhsim07G0133000	bZIP
Rhsim07G0135000	BBR-BPC
Rhsim07G0136200	Trihelix
Rhsim07G0137700	WD40
Rhsim07G0138200	GRF
Rhsim07G0142100	LBD
Rhsim07G0146600	GATA
Rhsim07G0147800	CPP
Rhsim07G0152000	ERF
Rhsim07G0153800	FAR1
Rhsim07G0154600	FAR1
Rhsim07G0155800	WD40
Rhsim07G0159000	FAR1
Rhsim07G0160800	FAR1
Rhsim07G0162100	FAR1
Rhsim07G0162400	ERF
Rhsim07G0162500	FAR1
Rhsim07G0163000	ARR-B
Rhsim07G0168700	FAR1
Rhsim07G0170900	bZIP
Rhsim07G0180500	bHlH
Rhsim07G0185600	NF-YB
Rhsim07G0186200	MYB_related
Rhsim07G0188400	WD40
Rhsim07G0188600	ERF
Rhsim07G0189200	M-type_MADS
Rhsim07G0199000	bZIP
Rhsim07G0199200	M-type_MADS
Rhsim07G0205200	HD-ZIP
Rhsim07G0211700	MIKC_MADS
Rhsim07G0212100	MYB_related
Rhsim07G0212800	GATA
Rhsim07G0214000	M-type_MADS
Rhsim07G0215900	HD-ZIP
Rhsim07G0217000	AP2
Rhsim07G0217100	GRF
Rhsim07G0217800	NAC
Rhsim07G0217900	NAC
Rhsim07G0218100	NAC
Rhsim07G0219900	WD40
Rhsim07G0220100	B3
Rhsim07G0220900	bHlH
Rhsim07G0221000	C2H2
Rhsim07G0225700	WRKY
Rhsim07G0226000	ERF
Rhsim07G0226100	WOX
Rhsim07G0227900	HSF
Rhsim07G0228100	bZIP
Rhsim07G0229600	B3
Rhsim07G0234100	B3
Rhsim07G0237000	C2H2
Rhsim07G0239900	MYB_related
Rhsim07G0242100	bZIP
Rhsim07G0242700	bZIP
Rhsim07G0243400	TALE
Rhsim07G0244000	ERF
Rhsim07G0244300	SRS
Rhsim07G0244400	DBB
Rhsim07G0245500	BBR-BPC
Rhsim07G0246700	C2H2
Rhsim07G0257500	NAC
Rhsim08G0003700	M-type_MADS
Rhsim08G0004200	WD40
Rhsim08G0004400	ERF
Rhsim08G0007700	NF-YB
Rhsim08G0008100	bZIP
Rhsim08G0008600	M-type_MADS
Rhsim08G0011100	C2H2
Rhsim08G0013600	bHlH
Rhsim08G0016100	bHlH
Rhsim08G0017000	AP2
Rhsim08G0018400	GRAS
Rhsim08G0018900	MYB
Rhsim08G0021000	MYB_related
Rhsim08G0021400	NAC
Rhsim08G0023600	ARF
Rhsim08G0026400	MYB
Rhsim08G0027100	M-type_MADS
Rhsim08G0027800	C2H2
Rhsim08G0031400	bZIP
Rhsim08G0033800	WD40
Rhsim08G0035300	C3H
Rhsim08G0036000	GATA
Rhsim08G0038700	M-type_MADS
Rhsim08G0039700	bHlH
Rhsim08G0040200	C2H2
Rhsim08G0040300	CO-like
Rhsim08G0040700	NAC
Rhsim08G0041600	TCP
Rhsim08G0041800	SBP
Rhsim08G0042000	MIKC_MADS
Rhsim08G0042400	C2H2
Rhsim08G0046000	Trihelix
Rhsim08G0046500	FAR1
Rhsim08G0047000	C3H
Rhsim08G0048500	NAC
Rhsim08G0051200	LBD
Rhsim08G0053300	MYB
Rhsim08G0055700	HD-ZIP
Rhsim08G0062500	WD40
Rhsim08G0068400	bHlH
Rhsim08G0068600	bHlH
Rhsim08G0068900	NAC
Rhsim08G0069400	ZF-HD
Rhsim08G0069900	Dof
Rhsim08G0070700	NAC
Rhsim08G0070800	MYB
Rhsim08G0072400	ERF
Rhsim08G0072700	WRKY
Rhsim08G0074300	C2H2
Rhsim08G0075300	TCP
Rhsim08G0076800	MIKC_MADS
Rhsim08G0077900	bHlH
Rhsim08G0079200	CO-like
Rhsim08G0082300	LBD
Rhsim08G0084000	C3H
Rhsim08G0085900	MYB
Rhsim08G0086300	bHlH
Rhsim08G0087200	MYB
Rhsim08G0087300	MYB
Rhsim08G0087400	MYB
Rhsim08G0087500	MYB
Rhsim08G0087600	MYB
Rhsim08G0087700	MYB
Rhsim08G0087800	MYB
Rhsim08G0088000	MIKC_MADS
Rhsim08G0088800	bHlH
Rhsim08G0089500	HD-ZIP
Rhsim08G0089600	MYB
Rhsim08G0090100	bHlH
Rhsim08G0090400	GRF
Rhsim08G0090600	bZIP
Rhsim08G0091200	bZIP
Rhsim08G0093500	GRAS
Rhsim08G0094900	LBD
Rhsim08G0098300	WRKY
Rhsim08G0098900	ERF
Rhsim08G0099000	AP2
Rhsim08G0099100	AP2
Rhsim08G0099600	bHlH
Rhsim08G0100600	HSF
Rhsim08G0100800	ERF
Rhsim08G0104000	LBD
Rhsim08G0104100	G2-like
Rhsim08G0104800	Dof
Rhsim08G0108700	WD40
Rhsim08G0110400	TALE
Rhsim08G0111800	BES1
Rhsim08G0112600	HD-ZIP
Rhsim08G0112800	bZIP
Rhsim08G0113000	C2H2
Rhsim08G0118200	ZF-HD
Rhsim08G0122200	FAR1
Rhsim08G0124000	SRS
Rhsim08G0124100	MYB
Rhsim08G0124300	HD-ZIP
Rhsim08G0129000	WD40
Rhsim08G0129600	ARR-B
Rhsim08G0130400	FAR1
Rhsim08G0132300	MYB
Rhsim08G0135200	ERF
Rhsim08G0136700	MYB
Rhsim08G0137600	TCP
Rhsim08G0139400	FAR1
Rhsim08G0141200	M-type_MADS
Rhsim08G0142600	bHlH
Rhsim08G0142800	FAR1
Rhsim08G0143500	WD40
Rhsim08G0146200	C2H2
Rhsim08G0146600	FAR1
Rhsim08G0148300	MYB_related
Rhsim08G0152900	NAC
Rhsim08G0154300	Dof
Rhsim08G0154700	Nin-like
Rhsim08G0155000	ZF-HD
Rhsim08G0155100	MYB
Rhsim08G0156400	TCP
Rhsim08G0157500	bHlH
Rhsim08G0158800	WRKY
Rhsim08G0159600	FAR1
Rhsim08G0160100	HD-ZIP
Rhsim08G0161500	LBD
Rhsim08G0162900	MYB
Rhsim08G0163000	bHlH
Rhsim08G0163800	FAR1
Rhsim08G0170000	B3
Rhsim08G0171500	MYB
Rhsim08G0172700	Dof
Rhsim08G0173400	MYB
Rhsim08G0174100	TALE
Rhsim08G0176000	LBD
Rhsim08G0176200	MYB
Rhsim08G0181600	WD40
Rhsim08G0183200	C3H
Rhsim08G0183400	C3H
Rhsim08G0188500	WD40
Rhsim08G0188700	Trihelix
Rhsim08G0190700	NF-YC
Rhsim08G0191600	SBP
Rhsim08G0193400	GRAS
Rhsim08G0194300	NAC
Rhsim08G0195400	bHlH
Rhsim08G0196100	bHlH
Rhsim08G0196200	ARF
Rhsim08G0197600	ERF
Rhsim08G0198200	LFY
Rhsim08G0202800	AP2
Rhsim08G0205900	WRKY
Rhsim08G0207600	C2H2
Rhsim08G0208300	ERF
Rhsim08G0208600	ERF
Rhsim08G0211500	FAR1
Rhsim08G0214100	ERF
Rhsim08G0215000	M-type_MADS
Rhsim08G0216100	C3H
Rhsim08G0216600	WD40
Rhsim08G0220500	WD40
Rhsim08G0223800	CPP
Rhsim08G0225200	WD40
Rhsim08G0226100	ERF
Rhsim08G0226400	GATA
Rhsim08G0226500	WD40
Rhsim08G0226600	HD-ZIP
Rhsim08G0227300	MYB
Rhsim08G0230000	bHlH
Rhsim08G0231700	Dof
Rhsim08G0234200	LBD
Rhsim08G0234300	C2H2
Rhsim08G0237000	NF-YA
Rhsim08G0238200	MYB
Rhsim08G0238300	MYB
Rhsim08G0238400	MYB_related
Rhsim08G0239000	MYB
Rhsim08G0239100	AP2
Rhsim08G0239300	GRAS
Rhsim08G0241900	Trihelix
Rhsim08G0243000	ERF
Rhsim08G0243100	ERF
Rhsim08G0248900	GATA
Rhsim09G0008200	WD40
Rhsim09G0010400	bHlH
Rhsim09G0012400	M-type_MADS
Rhsim09G0014700	bHlH
Rhsim09G0022900	bZIP
Rhsim09G0023300	ERF
Rhsim09G0023500	ERF
Rhsim09G0024500	DBB
Rhsim09G0025400	FAR1
Rhsim09G0025600	FAR1
Rhsim09G0026600	FAR1
Rhsim09G0026800	FAR1
Rhsim09G0030900	NAC
Rhsim09G0031000	FAR1
Rhsim09G0033300	FAR1
Rhsim09G0042000	MYB
Rhsim09G0047900	GATA
Rhsim09G0055600	bHlH
Rhsim09G0055800	G2-like
Rhsim09G0056900	ERF
Rhsim09G0064900	GRAS
Rhsim09G0069700	TCP
Rhsim09G0072000	B3
Rhsim09G0079200	C2H2
Rhsim09G0080800	FAR1
Rhsim09G0081700	G2-like
Rhsim09G0084600	C2H2
Rhsim09G0084800	BBR-BPC
Rhsim09G0085300	ZF-HD
Rhsim09G0088300	HSF
Rhsim09G0089000	ARR-B
Rhsim09G0091200	MYB
Rhsim09G0096200	WOX
Rhsim09G0097500	HD-ZIP
Rhsim09G0098900	MYB
Rhsim09G0103500	WD40
Rhsim09G0106400	MYB
Rhsim09G0106500	bHlH
Rhsim09G0108100	CO-like
Rhsim09G0108400	ERF
Rhsim09G0108500	ERF
Rhsim09G0111400	G2-like
Rhsim09G0111500	C2H2
Rhsim09G0111800	RAV
Rhsim09G0112100	NAC
Rhsim09G0112400	NAC
Rhsim09G0112800	bHlH
Rhsim09G0112900	TCP
Rhsim09G0118000	bZIP
Rhsim09G0119700	bHlH
Rhsim09G0121400	bHlH
Rhsim09G0129700	C3H
Rhsim09G0130800	MYB
Rhsim09G0133600	G2-like
Rhsim09G0138300	ERF
Rhsim09G0141600	MYB
Rhsim09G0145800	NAC
Rhsim09G0145900	NAC
Rhsim09G0146000	C2H2
Rhsim09G0151200	GATA
Rhsim09G0153200	MYB
Rhsim09G0160500	FAR1
Rhsim09G0163800	C2H2
Rhsim09G0167600	LBD
Rhsim09G0170900	MYB
Rhsim09G0172100	MYB
Rhsim09G0177600	C3H
Rhsim09G0178800	ERF
Rhsim09G0179000	Trihelix
Rhsim09G0179100	LBD
Rhsim09G0180200	LBD
Rhsim09G0180500	ERF
Rhsim09G0183600	LBD
Rhsim09G0185600	bZIP
Rhsim09G0189600	ERF
Rhsim09G0189800	ERF
Rhsim09G0189900	ERF
Rhsim09G0194900	bHlH
Rhsim09G0195300	TCP
Rhsim09G0196100	ERF
Rhsim09G0196900	FAR1
Rhsim09G0197200	HD-ZIP
Rhsim09G0201900	WD40
Rhsim09G0203500	ERF
Rhsim09G0203800	bHlH
Rhsim09G0207100	WD40
Rhsim09G0207200	Dof
Rhsim09G0208900	HD-ZIP
Rhsim09G0210500	NAC
Rhsim09G0212100	WD40
Rhsim09G0213400	HSF
Rhsim10G0003400	NAC
Rhsim10G0004700	TCP
Rhsim10G0005100	WRKY
Rhsim10G0005400	MIKC_MADS
Rhsim10G0005900	B3
Rhsim10G0011900	MYB
Rhsim10G0012000	MYB
Rhsim10G0013500	NF-YB
Rhsim10G0014900	NAC
Rhsim10G0017900	WD40
Rhsim10G0018000	WD40
Rhsim10G0019300	MYB
Rhsim10G0019800	MYB
Rhsim10G0023000	HD-ZIP
Rhsim10G0029600	MYB
Rhsim10G0031000	LBD
Rhsim10G0036000	MYB
Rhsim10G0036100	NAC
Rhsim10G0037100	MYB
Rhsim10G0038600	Dof
Rhsim10G0039400	ZF-HD
Rhsim10G0039500	MYB
Rhsim10G0039900	NAC
Rhsim10G0040900	bHlH
Rhsim10G0041200	HD-ZIP
Rhsim10G0042800	WD40
Rhsim10G0044400	C2H2
Rhsim10G0044700	C2H2
Rhsim10G0051100	TCP
Rhsim10G0056300	MYB
Rhsim10G0060900	FAR1
Rhsim10G0061200	bZIP
Rhsim10G0061900	WD40
Rhsim10G0063600	TCP
Rhsim10G0063800	TCP
Rhsim10G0063900	TCP
Rhsim10G0064000	TCP
Rhsim10G0080200	MIKC_MADS
Rhsim10G0080700	G2-like
Rhsim10G0081300	bHlH
Rhsim10G0083300	FAR1
Rhsim10G0084000	M-type_MADS
Rhsim10G0085200	bHlH
Rhsim10G0085400	WD40
Rhsim10G0087100	M-type_MADS
Rhsim10G0087300	M-type_MADS
Rhsim10G0097200	WD40
Rhsim10G0098100	FAR1
Rhsim10G0099200	MYB_related
Rhsim10G0101600	GRAS
Rhsim10G0101700	GRAS
Rhsim10G0101900	GRAS
Rhsim10G0109000	Trihelix
Rhsim10G0112500	MYB
Rhsim10G0113900	ERF
Rhsim10G0114500	AP2
Rhsim10G0116400	bHlH
Rhsim10G0116700	GATA
Rhsim10G0118300	HSF
Rhsim10G0121800	LBD
Rhsim10G0123900	GRAS
Rhsim10G0125600	B3
Rhsim10G0128100	NAC
Rhsim10G0132000	NF-YB
Rhsim10G0133400	FAR1
Rhsim10G0136100	WD40
Rhsim10G0138400	WD40
Rhsim10G0141900	Trihelix
Rhsim10G0144900	ERF
Rhsim10G0147700	WRKY
Rhsim10G0148600	WRKY
Rhsim10G0148700	WRKY
Rhsim10G0148800	WRKY
Rhsim10G0151600	NF-YB
Rhsim10G0154600	bZIP
Rhsim10G0156700	M-type_MADS
Rhsim10G0158200	FAR1
Rhsim10G0159000	ERF
Rhsim10G0159200	FAR1
Rhsim10G0163400	CAMTA
Rhsim10G0163700	MYB
Rhsim10G0164300	C2H2
Rhsim10G0167600	HD-ZIP
Rhsim10G0168700	FAR1
Rhsim10G0169100	bHlH
Rhsim10G0171400	ZF-HD
Rhsim10G0174800	FAR1
Rhsim10G0176800	GeBP
Rhsim10G0177700	MYB
Rhsim10G0178700	GRAS
Rhsim10G0178900	GRAS
Rhsim10G0181500	ERF
Rhsim10G0182700	G2-like
Rhsim10G0184000	HD-ZIP
Rhsim10G0185100	MYB
Rhsim10G0187000	MYB
Rhsim10G0188700	ARF
Rhsim10G0190800	FAR1
Rhsim10G0191800	MYB
Rhsim10G0195400	WOX
Rhsim10G0207400	bZIP
Rhsim10G0207700	WD40
Rhsim10G0209900	MYB
Rhsim10G0211800	bHlH
Rhsim10G0212900	WOX
Rhsim10G0213600	BBR-BPC
Rhsim10G0213700	NAC
Rhsim10G0214700	SRS
Rhsim11G0003900	FAR1
Rhsim11G0009300	C2H2
Rhsim11G0010300	FAR1
Rhsim11G0011500	ARR-B
Rhsim11G0012800	NAC
Rhsim11G0013500	LSD
Rhsim11G0016700	bHlH
Rhsim11G0018600	MYB
Rhsim11G0019200	HSF
Rhsim11G0019400	GeBP
Rhsim11G0020500	HD-ZIP
Rhsim11G0020700	G2-like
Rhsim11G0026100	GeBP
Rhsim11G0026400	GeBP
Rhsim11G0026600	GeBP
Rhsim11G0027000	G2-like
Rhsim11G0027400	WD40
Rhsim11G0028800	M-type_MADS
Rhsim11G0032400	bZIP
Rhsim11G0032500	GeBP
Rhsim11G0033700	B3
Rhsim11G0039600	FAR1
Rhsim11G0040400	BES1
Rhsim11G0043100	HSF
Rhsim11G0043600	C2H2
Rhsim11G0044100	GATA
Rhsim11G0044700	MYB
Rhsim11G0044800	TALE
Rhsim11G0046900	GeBP
Rhsim11G0047000	GeBP
Rhsim11G0052800	M-type_MADS
Rhsim11G0054900	HD-ZIP
Rhsim11G0062400	WRKY
Rhsim11G0062500	WRKY
Rhsim11G0064200	WRKY
Rhsim11G0064700	ARF
Rhsim11G0066300	FAR1
Rhsim11G0069900	NAC
Rhsim11G0070600	WD40
Rhsim11G0071300	MIKC_MADS
Rhsim11G0071800	MIKC_MADS
Rhsim11G0076800	MYB
Rhsim11G0076900	GRAS
Rhsim11G0078300	FAR1
Rhsim11G0086800	ERF
Rhsim11G0092100	WD40
Rhsim11G0095100	bZIP
Rhsim11G0105500	M-type_MADS
Rhsim11G0106200	bHlH
Rhsim11G0106400	MYB
Rhsim11G0112300	FAR1
Rhsim11G0114800	NAC
Rhsim11G0115500	NAC
Rhsim11G0115700	NAC
Rhsim11G0115800	NAC
Rhsim11G0115900	NAC
Rhsim11G0116000	NAC
Rhsim11G0116300	NAC
Rhsim11G0116500	NAC
Rhsim11G0116700	NAC
Rhsim11G0117000	NAC
Rhsim11G0117600	ZF-HD
Rhsim11G0118000	ARF
Rhsim11G0118700	FAR1
Rhsim11G0120500	WRKY
Rhsim11G0120900	SBP
Rhsim11G0125700	TCP
Rhsim11G0125900	C2H2
Rhsim11G0126000	ZF-HD
Rhsim11G0126100	ZF-HD
Rhsim11G0131900	WD40
Rhsim11G0132800	bZIP
Rhsim11G0134500	NAC
Rhsim11G0134600	C3H
Rhsim11G0134900	WD40
Rhsim11G0139600	FAR1
Rhsim11G0141800	GATA
Rhsim11G0144300	MIKC_MADS
Rhsim11G0145400	bHlH
Rhsim11G0149000	M-type_MADS
Rhsim11G0149200	M-type_MADS
Rhsim11G0149300	M-type_MADS
Rhsim11G0149400	M-type_MADS
Rhsim11G0152500	MYB_related
Rhsim11G0153700	WD40
Rhsim11G0153800	C2H2
Rhsim11G0154000	LBD
Rhsim11G0154100	LBD
Rhsim11G0155600	HB-PHD
Rhsim11G0158500	bHlH
Rhsim11G0164600	bHlH
Rhsim11G0165000	bZIP
Rhsim11G0165300	FAR1
Rhsim11G0165600	ERF
Rhsim11G0166600	B3
Rhsim11G0166700	B3
Rhsim11G0166800	B3
Rhsim11G0169200	G2-like
Rhsim11G0170400	B3
Rhsim11G0170600	B3
Rhsim11G0170700	B3
Rhsim11G0171100	WD40
Rhsim11G0173300	WD40
Rhsim11G0176400	WD40
Rhsim11G0177900	MYB_related
Rhsim11G0178400	MYB_related
Rhsim11G0178500	bHlH
Rhsim11G0179700	bZIP
Rhsim11G0180900	TALE
Rhsim11G0182000	WD40
Rhsim11G0182700	GATA
Rhsim11G0183400	ERF
Rhsim11G0184300	BBR-BPC
Rhsim11G0184600	C3H
Rhsim11G0186200	FAR1
Rhsim11G0191600	MYB
Rhsim11G0194100	WD40
Rhsim11G0196000	NAC
Rhsim11G0197200	Nin-like
Rhsim11G0199100	FAR1
Rhsim12G0000900	NAC
Rhsim12G0002400	WD40
Rhsim12G0003300	MIKC_MADS
Rhsim12G0003800	WD40
Rhsim12G0004800	AP2
Rhsim12G0005900	MYB
Rhsim12G0007000	bHlH
Rhsim12G0007700	WRKY
Rhsim12G0014300	GRAS
Rhsim12G0014700	FAR1
Rhsim12G0014800	FAR1
Rhsim12G0016000	ERF
Rhsim12G0017600	Trihelix
Rhsim12G0018100	FAR1
Rhsim12G0021700	NAC
Rhsim12G0023400	TCP
Rhsim12G0024200	MIKC_MADS
Rhsim12G0024300	M-type_MADS
Rhsim12G0024700	CAMTA
Rhsim12G0025200	SBP
Rhsim12G0026300	NF-YC
Rhsim12G0038800	WD40
Rhsim12G0040400	ERF
Rhsim12G0050500	C2H2
Rhsim12G0052200	FAR1
Rhsim12G0053100	FAR1
Rhsim12G0061000	WD40
Rhsim12G0061100	HD-ZIP
Rhsim12G0061200	bHlH
Rhsim12G0064200	G2-like
Rhsim12G0064300	Dof
Rhsim12G0065300	NAC
Rhsim12G0065400	MYB
Rhsim12G0065700	MYB
Rhsim12G0065800	MYB
Rhsim12G0066000	MYB
Rhsim12G0066100	MYB
Rhsim12G0066200	MYB
Rhsim12G0066400	MYB
Rhsim12G0068800	M-type_MADS
Rhsim12G0071100	bHlH
Rhsim12G0073700	SBP
Rhsim12G0073800	YABBY
Rhsim12G0075900	M-type_MADS
Rhsim12G0077300	C2H2
Rhsim12G0077700	WRKY
Rhsim12G0081200	bHlH
Rhsim12G0081600	NAC
Rhsim12G0083300	ERF
Rhsim12G0084500	CO-like
Rhsim12G0084700	LBD
Rhsim12G0086600	ARR-B
Rhsim12G0086800	M-type_MADS
Rhsim12G0090400	WD40
Rhsim12G0092800	CAMTA
Rhsim12G0093500	B3
Rhsim12G0093600	M-type_MADS
Rhsim12G0094100	SBP
Rhsim12G0094500	WRKY
Rhsim12G0095100	FAR1
Rhsim12G0096900	NAC
Rhsim12G0097100	M-type_MADS
Rhsim12G0097400	M-type_MADS
Rhsim12G0098500	FAR1
Rhsim12G0101300	ERF
Rhsim12G0107500	ARR-B
Rhsim12G0113400	TALE
Rhsim12G0114400	YABBY
Rhsim12G0114500	YABBY
Rhsim12G0118200	bHlH
Rhsim12G0119700	FAR1
Rhsim12G0125200	C2H2
Rhsim12G0125700	WD40
Rhsim12G0127100	MYB_related
Rhsim12G0127700	bHlH
Rhsim12G0130500	Whirly
Rhsim12G0131400	MYB
Rhsim12G0131700	HD-ZIP
Rhsim12G0132100	NAC
Rhsim12G0134800	WRKY
Rhsim12G0139600	MYB
Rhsim12G0139700	WD40
Rhsim12G0143200	NAC
Rhsim12G0143300	LBD
Rhsim12G0143500	CO-like
Rhsim12G0144600	B3
Rhsim12G0144800	TCP
Rhsim12G0147000	bZIP
Rhsim12G0147200	WD40
Rhsim12G0148800	TCP
Rhsim12G0149900	SBP
Rhsim12G0150600	Dof
Rhsim12G0155800	M-type_MADS
Rhsim12G0156300	ZF-HD
Rhsim12G0156400	MYB
Rhsim12G0159500	HD-ZIP
Rhsim12G0159700	LBD
Rhsim12G0160500	MYB_related
Rhsim12G0161600	WD40
Rhsim12G0163800	bHlH
Rhsim12G0164500	MYB
Rhsim12G0167200	MYB
Rhsim12G0170400	WD40
Rhsim12G0171300	C2H2
Rhsim12G0171400	C3H
Rhsim12G0171800	ERF
Rhsim12G0175300	NAC
Rhsim12G0175400	NF-YC
Rhsim12G0176200	MIKC_MADS
Rhsim12G0180100	bHlH
Rhsim12G0185200	AP2
Rhsim12G0187400	WRKY
Rhsim12G0189200	WD40
Rhsim12G0190100	FAR1
Rhsim12G0192100	ERF
Rhsim12G0194700	WD40
Rhsim12G0197300	WD40
Rhsim12G0197400	WD40
Rhsim12G0197700	Trihelix
Rhsim12G0200200	HD-ZIP
Rhsim12G0201600	WD40
Rhsim12G0202000	ERF
Rhsim12G0204200	bHlH
Rhsim12G0204800	WD40
Rhsim12G0205400	WD40
Rhsim12G0206300	LBD
Rhsim12G0206500	C2H2
Rhsim12G0207500	MYB
Rhsim12G0208700	NF-YA
Rhsim12G0209300	MYB_related
Rhsim12G0209800	MYB
Rhsim12G0213000	ERF
Rhsim13G0000500	SBP
Rhsim13G0002000	MYB
Rhsim13G0003300	WRKY
Rhsim13G0004700	WRKY
Rhsim13G0006200	MYB
Rhsim13G0006600	FAR1
Rhsim13G0014900	C2H2
Rhsim13G0015800	C3H
Rhsim13G0016400	CO-like
Rhsim13G0018400	WD40
Rhsim13G0020400	WD40
Rhsim13G0024200	bHlH
Rhsim13G0025400	WD40
Rhsim13G0026000	WD40
Rhsim13G0026300	Dof
Rhsim13G0032300	LBD
Rhsim13G0032600	LBD
Rhsim13G0034200	ERF
Rhsim13G0034300	ERF
Rhsim13G0034400	ERF
Rhsim13G0034600	MYB
Rhsim13G0035900	NAC
Rhsim13G0039400	G2-like
Rhsim13G0040400	WD40
Rhsim13G0042000	bHlH
Rhsim13G0045500	Trihelix
Rhsim13G0047900	ERF
Rhsim13G0048100	B3
Rhsim13G0048200	B3
Rhsim13G0048500	B3
Rhsim13G0048600	B3
Rhsim13G0048900	B3
Rhsim13G0050900	bHlH
Rhsim13G0054000	FAR1
Rhsim13G0054200	FAR1
Rhsim13G0054300	FAR1
Rhsim13G0054600	FAR1
Rhsim13G0056700	LBD
Rhsim13G0058400	ERF
Rhsim13G0061300	LBD
Rhsim13G0061600	WRKY
Rhsim13G0063200	WRKY
Rhsim13G0065100	LBD
Rhsim13G0066500	bZIP
Rhsim13G0068400	C3H
Rhsim13G0071300	MYB
Rhsim13G0071500	C2H2
Rhsim13G0072600	MYB
Rhsim13G0077900	G2-like
Rhsim13G0079200	GRAS
Rhsim13G0079300	GRAS
Rhsim13G0079400	GRAS
Rhsim13G0079500	GRAS
Rhsim13G0079600	GRAS
Rhsim13G0079700	GRAS
Rhsim13G0079800	GRAS
Rhsim13G0079900	GRAS
Rhsim13G0080000	GRAS
Rhsim13G0080100	GRAS
Rhsim13G0080200	GRAS
Rhsim13G0080300	GRAS
Rhsim13G0080500	GRAS
Rhsim13G0080600	GRAS
Rhsim13G0080800	MYB_related
Rhsim13G0081000	MYB_related
Rhsim13G0081200	MYB_related
Rhsim13G0081300	MYB_related
Rhsim13G0084000	Dof
Rhsim13G0086500	C2H2
Rhsim13G0086600	C2H2
Rhsim13G0087000	MYB
Rhsim13G0089700	WOX
Rhsim13G0090400	AP2
Rhsim13G0091600	Dof
Rhsim13G0091900	LBD
Rhsim13G0093300	ARF
Rhsim13G0094600	HD-ZIP
Rhsim13G0094800	ARF
Rhsim13G0094900	GATA
Rhsim13G0097100	B3
Rhsim13G0097300	B3
Rhsim13G0098100	TCP
Rhsim13G0099300	MYB
Rhsim13G0100400	bHlH
Rhsim13G0100600	C2H2
Rhsim13G0100800	C2H2
Rhsim13G0100900	MYB
Rhsim13G0105400	C2H2
Rhsim13G0109800	WD40
Rhsim13G0110300	NAC
Rhsim13G0111000	bZIP
Rhsim13G0111100	bZIP
Rhsim13G0112100	NF-YB
Rhsim13G0113000	NAC
Rhsim13G0113200	FAR1
Rhsim13G0115800	TCP
Rhsim13G0116700	WD40
Rhsim13G0118100	ARF
Rhsim13G0120200	WD40
Rhsim13G0120400	BES1
Rhsim13G0124800	bHlH
Rhsim13G0125600	WRKY
Rhsim13G0128100	Trihelix
Rhsim13G0132100	FAR1
Rhsim13G0133700	C2H2
Rhsim13G0135000	MYB
Rhsim13G0135900	FAR1
Rhsim13G0138100	G2-like
Rhsim13G0140800	NF-YB
Rhsim13G0143600	GRAS
Rhsim13G0148700	WD40
Rhsim13G0150200	TALE
Rhsim13G0151900	WRKY
Rhsim13G0156800	HD-ZIP
Rhsim13G0157500	MYB_related
Rhsim13G0162200	bHlH
Rhsim13G0162300	GeBP
Rhsim13G0163900	bHlH
Rhsim13G0166600	WD40
Rhsim13G0167800	MYB
Rhsim13G0169000	MYB
Rhsim13G0175400	WD40
Rhsim13G0177200	HSF
Rhsim13G0177700	LSD
Rhsim13G0179400	WD40
Rhsim13G0179500	Dof
Rhsim13G0179600	SBP
Rhsim13G0181600	VOZ
Rhsim13G0181900	WOX
Rhsim13G0182100	LBD
Rhsim13G0187900	WRKY
Rhsim13G0189900	Dof
Rhsim13G0190900	bHlH
Rhsim13G0195200	NAC
Rhsim13G0196400	TALE
Rhsim13G0198400	FAR1
Rhsim13G0200600	WD40
Rhsim13G0200800	FAR1
Rhsim13G0202300	NF-YC
Rhsim13G0203700	MYB
Rhsim13G0208300	bZIP
Rhsim13G0210800	SRS
Rhsim13G0211200	HB-other
Rhsim13G0212500	RAV
Rhsim13G0216700	GRAS
Rhsim13G0220100	NAC
Rhsim13G0220300	NAC
Rhsim13G0220900	NF-YA
Rhsim13G0221600	MYB_related
Rhsim13G0222800	M-type_MADS
Rhsim13G0223100	Trihelix
Rhsim13G0223500	C2H2
Rhsim13G0224200	AP2
Rhsim13G0224500	bHlH
Rhsim13G0225200	EIL
Rhsim13G0225800	WD40
Rhsim13G0226400	MYB_related
Rhsim13G0226700	C3H
Rhsim13G0226800	GATA
Rhsim13G0232200	ERF
RhsimUnG0013600	HB-other
RhsimUnG0018100	HD-ZIP
RhsimUnG0018500	G2-like
RhsimUnG0020200	GRAS
RhsimUnG0021600	G2-like
RhsimUnG0021700	bZIP
RhsimUnG0022700	FAR1
RhsimUnG0030300	ERF
RhsimUnG0030400	ERF
RhsimUnG0031900	MYB
RhsimUnG0032400	HRT-like
RhsimUnG0033900	FAR1
RhsimUnG0043700	Dof
RhsimUnG0046000	WD40
RhsimUnG0056000	ERF
RhsimUnG0056300	WRKY
RhsimUnG0056400	WD40
RhsimUnG0059100	bZIP
RhsimUnG0059200	GeBP
RhsimUnG0060100	STAT
RhsimUnG0062900	STAT
RhsimUnG0064200	MIKC_MADS
RhsimUnG0064700	WD40
RhsimUnG0070700	Dof
RhsimUnG0080500	WRKY
RhsimUnG0083000	WRKY
RhsimUnG0085700	Trihelix
RhsimUnG0086900	bHlH
RhsimUnG0087000	bHlH
RhsimUnG0089900	B3
RhsimUnG0090000	LSD
RhsimUnG0091600	NAC
RhsimUnG0094400	ERF
RhsimUnG0100000	ZF-HD
RhsimUnG0101700	M-type_MADS
RhsimUnG0101800	Trihelix
RhsimUnG0103000	MYB
RhsimUnG0104100	B3
RhsimUnG0104200	B3
RhsimUnG0104300	B3
RhsimUnG0104400	B3
RhsimUnG0104500	B3
RhsimUnG0116300	FAR1
RhsimUnG0119100	MYB
RhsimUnG0124200	MYB_related
RhsimUnG0124900	WD40
RhsimUnG0125000	C2H2
RhsimUnG0125200	LBD
RhsimUnG0125300	LBD
RhsimUnG0126800	HB-PHD
RhsimUnG0130200	FAR1
RhsimUnG0132800	WD40
RhsimUnG0134500	FAR1
RhsimUnG0135000	M-type_MADS
RhsimUnG0136700	RAV
RhsimUnG0139000	AP2
RhsimUnG0139900	WOX
RhsimUnG0142200	WD40
RhsimUnG0143200	FAR1
RhsimUnG0144800	HRT-like
RhsimUnG0145000	HRT-like
RhsimUnG0145400	MYB
RhsimUnG0145700	HB-other
RhsimUnG0148400	BBR-BPC
RhsimUnG0149400	bHlH
RhsimUnG0150900	C3H
RhsimUnG0161100	FAR1
RhsimUnG0165000	STAT
RhsimUnG0172800	NZZ/SPL
RhsimUnG0176700	C2H2
RhsimUnG0178400	FAR1
RhsimUnG0189000	HRT-like
RhsimUnG0192200	MYB
RhsimUnG0192300	MYB_related
RhsimUnG0195800	FAR1
RhsimUnG0196000	FAR1
RhsimUnG0196300	FAR1
RhsimUnG0199600	WRKY
RhsimUnG0199700	WD40
RhsimUnG0209600	G2-like
RhsimUnG0212200	FAR1
RhsimUnG0214100	bHlH
RhsimUnG0219100	bZIP
RhsimUnG0224400	STAT
RhsimUnG0225600	NF-YB
RhsimUnG0230600	NF-YB
RhsimUnG0232500	G2-like
RhsimUnG0233500	MYB
RhsimUnG0241700	WD40
RhsimUnG0242100	MYB
RhsimUnG0247000	FAR1
RhsimUnG0248200	ERF
RhsimUnG0253200	WD40
RhsimUnG0253400	bHlH
RhsimUnG0254300	GRAS
RhsimUnG0255200	WD40
RhsimUnG0255400	bHlH
RhsimUnG0257100	NZZ/SPL
RhsimUnG0258800	B3
