Rhmol01G0003000	ERF
Rhmol01G0006300	MYB
Rhmol01G0009000	FAR1
Rhmol01G0009900	CO-like
Rhmol01G0013000	bHlH
Rhmol01G0013100	bHlH
Rhmol01G0027900	WRKY
Rhmol01G0032600	ARR-B
Rhmol01G0036400	MYB_related
Rhmol01G0037800	WD40
Rhmol01G0040400	WD40
Rhmol01G0040500	WD40
Rhmol01G0040600	WD40
Rhmol01G0040700	WD40
Rhmol01G0041800	TALE
Rhmol01G0042000	HB-other
Rhmol01G0051500	FAR1
Rhmol01G0052800	NAC
Rhmol01G0053000	NAC
Rhmol01G0053200	NAC
Rhmol01G0053400	NAC
Rhmol01G0053700	NAC
Rhmol01G0057800	WD40
Rhmol01G0058900	YABBY
Rhmol01G0068700	C3H
Rhmol01G0069500	FAR1
Rhmol01G0071700	WD40
Rhmol01G0075700	WD40
Rhmol01G0076600	GRAS
Rhmol01G0077200	G2-like
Rhmol01G0082900	Trihelix
Rhmol01G0085600	HSF
Rhmol01G0095600	CPP
Rhmol01G0099600	WD40
Rhmol01G0100600	SBP
Rhmol01G0105100	Nin-like
Rhmol01G0106100	FAR1
Rhmol01G0107100	ARF
Rhmol01G0107800	bHlH
Rhmol01G0111400	FAR1
Rhmol01G0116700	B3
Rhmol01G0118700	HB-PHD
Rhmol01G0122300	FAR1
Rhmol01G0127100	FAR1
Rhmol01G0127400	WD40
Rhmol01G0129300	FAR1
Rhmol01G0129800	C2H2
Rhmol01G0130600	E2F/DP
Rhmol01G0132500	WD40
Rhmol01G0137600	MYB
Rhmol01G0139700	bHlH
Rhmol01G0140600	MYB_related
Rhmol01G0141100	MYB
Rhmol01G0159900	WD40
Rhmol01G0171200	FAR1
Rhmol01G0176500	bZIP
Rhmol01G0188300	GRAS
Rhmol01G0190700	FAR1
Rhmol01G0191000	C2H2
Rhmol01G0191200	C2H2
Rhmol01G0191700	GATA
Rhmol01G0193400	FAR1
Rhmol01G0193900	MYB
Rhmol01G0197600	FAR1
Rhmol01G0200800	Trihelix
Rhmol01G0207200	FAR1
Rhmol01G0209300	bHlH
Rhmol01G0212100	WD40
Rhmol01G0212800	LBD
Rhmol01G0219200	bZIP
Rhmol01G0222000	MYB_related
Rhmol01G0222700	FAR1
Rhmol01G0225400	FAR1
Rhmol01G0227500	FAR1
Rhmol01G0229500	ARF
Rhmol01G0230300	MYB
Rhmol01G0230400	Dof
Rhmol01G0233200	HSF
Rhmol01G0233700	HD-ZIP
Rhmol01G0236200	bHlH
Rhmol01G0240200	NAC
Rhmol01G0242200	bHlH
Rhmol01G0242500	MYB_related
Rhmol01G0242600	B3
Rhmol01G0245700	FAR1
Rhmol01G0247700	MYB
Rhmol01G0252000	C3H
Rhmol01G0255600	EIL
Rhmol01G0256300	FAR1
Rhmol01G0258000	C2H2
Rhmol01G0259300	C3H
Rhmol01G0259700	NF-YA
Rhmol01G0265500	FAR1
Rhmol01G0267400	bZIP
Rhmol01G0268300	EIL
Rhmol01G0270500	Nin-like
Rhmol01G0270900	Nin-like
Rhmol01G0272400	FAR1
Rhmol01G0272900	FAR1
Rhmol01G0273700	YABBY
Rhmol01G0275400	bHlH
Rhmol01G0277400	NAC
Rhmol01G0280000	bZIP
Rhmol01G0280700	C2H2
Rhmol01G0283000	ERF
Rhmol01G0284200	C2H2
Rhmol01G0285700	FAR1
Rhmol01G0286000	bHlH
Rhmol01G0286500	C2H2
Rhmol01G0286800	C2H2
Rhmol01G0287900	MYB
Rhmol01G0291500	FAR1
Rhmol01G0292300	MYB_related
Rhmol01G0292700	TALE
Rhmol01G0294100	GATA
Rhmol01G0294300	HD-ZIP
Rhmol01G0296100	NF-YC
Rhmol01G0296200	WD40
Rhmol01G0296400	WD40
Rhmol01G0299700	LBD
Rhmol01G0300100	Dof
Rhmol01G0300700	WD40
Rhmol01G0303900	WOX
Rhmol01G0305700	MYB
Rhmol01G0308000	WOX
Rhmol01G0308200	Dof
Rhmol01G0308400	WD40
Rhmol01G0311300	MYB_related
Rhmol01G0311400	MYB_related
Rhmol01G0311500	MYB_related
Rhmol01G0312000	GRAS
Rhmol01G0312100	GRAS
Rhmol01G0312200	GRAS
Rhmol01G0312700	G2-like
Rhmol01G0315300	C2H2
Rhmol01G0319700	MYB_related
Rhmol01G0320200	WD40
Rhmol01G0320800	FAR1
Rhmol01G0323800	bZIP
Rhmol01G0323900	G2-like
Rhmol01G0324300	GRAS
Rhmol01G0326000	WRKY
Rhmol01G0327000	LBD
Rhmol01G0328400	B3
Rhmol01G0329400	ERF
Rhmol01G0330400	B3
Rhmol01G0334800	FAR1
Rhmol01G0337100	bHlH
Rhmol01G0339400	B3
Rhmol01G0339500	B3
Rhmol01G0339600	B3
Rhmol01G0340200	ERF
Rhmol01G0340400	B3
Rhmol01G0340500	B3
Rhmol01G0344500	C2H2
Rhmol01G0344600	B3
Rhmol01G0345100	bHlH
Rhmol01G0346200	WD40
Rhmol01G0348200	G2-like
Rhmol01G0349500	NAC
Rhmol01G0351500	MYB
Rhmol01G0352000	ERF
Rhmol01G0353300	bHlH
Rhmol01G0354000	LBD
Rhmol01G0354100	LBD
Rhmol01G0354500	C2H2
Rhmol01G0354700	C2H2
Rhmol01G0355700	bHlH
Rhmol01G0356100	WRKY
Rhmol01G0356800	WD40
Rhmol01G0357500	bHlH
Rhmol01G0359100	C2H2
Rhmol01G0359200	HSF
Rhmol01G0361000	WD40
Rhmol01G0363800	bHlH
Rhmol01G0364600	FAR1
Rhmol01G0366400	WD40
Rhmol01G0367500	FAR1
Rhmol01G0370700	ARF
Rhmol01G0374300	NF-YB
Rhmol01G0377000	WD40
Rhmol01G0379000	M-type_MADS
Rhmol01G0382300	C2H2
Rhmol01G0382800	MYB
Rhmol01G0384100	bZIP
Rhmol01G0384700	GRAS
Rhmol01G0385600	bHlH
Rhmol02G0001600	MYB
Rhmol02G0002800	WRKY
Rhmol02G0003100	bHlH
Rhmol02G0005200	CAMTA
Rhmol02G0006200	ARR-B
Rhmol02G0006500	GATA
Rhmol02G0007000	WD40
Rhmol02G0012600	C3H
Rhmol02G0016000	WD40
Rhmol02G0017800	FAR1
Rhmol02G0023200	NF-YC
Rhmol02G0029600	CPP
Rhmol02G0034000	bHlH
Rhmol02G0038900	bHlH
Rhmol02G0039100	ERF
Rhmol02G0041100	Nin-like
Rhmol02G0041200	Nin-like
Rhmol02G0041800	Nin-like
Rhmol02G0042000	Nin-like
Rhmol02G0042100	ERF
Rhmol02G0042200	Nin-like
Rhmol02G0042500	Nin-like
Rhmol02G0042600	Nin-like
Rhmol02G0042700	Nin-like
Rhmol02G0043600	Nin-like
Rhmol02G0043700	Nin-like
Rhmol02G0044200	Nin-like
Rhmol02G0044300	Nin-like
Rhmol02G0044400	Nin-like
Rhmol02G0044500	Nin-like
Rhmol02G0044600	Nin-like
Rhmol02G0044700	Nin-like
Rhmol02G0044800	Nin-like
Rhmol02G0044900	Nin-like
Rhmol02G0045400	ERF
Rhmol02G0048300	WD40
Rhmol02G0050300	C3H
Rhmol02G0052600	WD40
Rhmol02G0056100	GATA
Rhmol02G0063700	G2-like
Rhmol02G0070400	HSF
Rhmol02G0074100	FAR1
Rhmol02G0077600	NAC
Rhmol02G0077700	NAC
Rhmol02G0077800	NAC
Rhmol02G0079900	HSF
Rhmol02G0080200	E2F/DP
Rhmol02G0086900	FAR1
Rhmol02G0087900	FAR1
Rhmol02G0088900	FAR1
Rhmol02G0089300	DBB
Rhmol02G0090600	Nin-like
Rhmol02G0093300	bHlH
Rhmol02G0093500	WD40
Rhmol02G0093700	B3
Rhmol02G0096900	G2-like
Rhmol02G0100500	Trihelix
Rhmol02G0100700	FAR1
Rhmol02G0106700	FAR1
Rhmol02G0107400	GRAS
Rhmol02G0115000	MYB_related
Rhmol02G0117800	Nin-like
Rhmol02G0121000	HD-ZIP
Rhmol02G0125400	bHlH
Rhmol02G0128500	MYB
Rhmol02G0129900	WD40
Rhmol02G0130100	B3
Rhmol02G0131300	FAR1
Rhmol02G0132200	NAC
Rhmol02G0142000	bHlH
Rhmol02G0143400	Dof
Rhmol02G0143800	C3H
Rhmol02G0144400	ERF
Rhmol02G0144700	ERF
Rhmol02G0147500	HB-other
Rhmol02G0149400	VOZ
Rhmol02G0151500	Dof
Rhmol02G0156000	Trihelix
Rhmol02G0158200	TCP
Rhmol02G0158700	TCP
Rhmol02G0160500	ERF
Rhmol02G0162000	BES1
Rhmol02G0165700	WRKY
Rhmol02G0166800	FAR1
Rhmol02G0167100	WD40
Rhmol02G0171100	G2-like
Rhmol02G0172500	WD40
Rhmol02G0173200	WD40
Rhmol02G0174600	FAR1
Rhmol02G0183600	ERF
Rhmol02G0186700	FAR1
Rhmol02G0188100	FAR1
Rhmol02G0189400	bHlH
Rhmol02G0201500	HD-ZIP
Rhmol02G0202100	NF-YA
Rhmol02G0202900	FAR1
Rhmol02G0210900	LSD
Rhmol02G0215500	Whirly
Rhmol02G0216200	FAR1
Rhmol02G0217000	ERF
Rhmol02G0221700	GATA
Rhmol02G0222900	ERF
Rhmol02G0223000	ERF
Rhmol02G0223100	ERF
Rhmol02G0227300	MYB
Rhmol02G0231300	FAR1
Rhmol02G0233100	MYB_related
Rhmol02G0234400	FAR1
Rhmol02G0236200	FAR1
Rhmol02G0248500	HB-other
Rhmol02G0248900	bZIP
Rhmol02G0250400	ERF
Rhmol02G0250600	ERF
Rhmol02G0252800	FAR1
Rhmol02G0254400	NAC
Rhmol02G0254600	NAC
Rhmol02G0254800	NAC
Rhmol02G0254900	NAC
Rhmol02G0255100	NAC
Rhmol02G0255200	NAC
Rhmol02G0255300	NAC
Rhmol02G0255700	WD40
Rhmol02G0257100	HB-other
Rhmol02G0259300	ERF
Rhmol02G0259500	C2H2
Rhmol02G0260600	FAR1
Rhmol02G0265900	WRKY
Rhmol02G0266000	WRKY
Rhmol02G0266300	WD40
Rhmol02G0268100	WD40
Rhmol02G0273600	B3
Rhmol02G0279200	M-type_MADS
Rhmol02G0280700	NF-YC
Rhmol02G0289700	bHlH
Rhmol02G0294500	MYB_related
Rhmol02G0299800	ERF
Rhmol02G0300100	WD40
Rhmol02G0302200	ERF
Rhmol02G0304000	Nin-like
Rhmol02G0304900	Nin-like
Rhmol02G0305100	Nin-like
Rhmol02G0305200	Nin-like
Rhmol02G0305300	Nin-like
Rhmol02G0305700	ARF
Rhmol02G0305800	Nin-like
Rhmol02G0305900	ARF
Rhmol02G0306000	ARF
Rhmol02G0306100	Nin-like
Rhmol02G0306600	Nin-like
Rhmol02G0306700	Nin-like
Rhmol02G0306800	WD40
Rhmol02G0307100	Dof
Rhmol02G0310000	Nin-like
Rhmol02G0310100	Nin-like
Rhmol02G0310600	Nin-like
Rhmol02G0310800	Nin-like
Rhmol02G0311000	Nin-like
Rhmol02G0313900	bHlH
Rhmol02G0314500	GRF
Rhmol02G0314700	NAC
Rhmol02G0317200	B3
Rhmol03G0002600	ERF
Rhmol03G0006200	HD-ZIP
Rhmol03G0008700	MYB_related
Rhmol03G0009400	G2-like
Rhmol03G0009800	SBP
Rhmol03G0010200	bZIP
Rhmol03G0011700	bHlH
Rhmol03G0013500	C2H2
Rhmol03G0015400	C3H
Rhmol03G0023400	AP2
Rhmol03G0023600	HSF
Rhmol03G0030400	WD40
Rhmol03G0031400	WD40
Rhmol03G0031700	WD40
Rhmol03G0038700	WD40
Rhmol03G0038800	WD40
Rhmol03G0039000	WD40
Rhmol03G0039800	WD40
Rhmol03G0043800	G2-like
Rhmol03G0044800	GRAS
Rhmol03G0045200	WD40
Rhmol03G0046200	G2-like
Rhmol03G0046300	bZIP
Rhmol03G0048100	FAR1
Rhmol03G0051300	MYB_related
Rhmol03G0051600	ZF-HD
Rhmol03G0053600	MYB
Rhmol03G0053900	Dof
Rhmol03G0054000	FAR1
Rhmol03G0055500	LBD
Rhmol03G0063100	M-type_MADS
Rhmol03G0069500	M-type_MADS
Rhmol03G0069800	NF-YA
Rhmol03G0071000	Dof
Rhmol03G0074400	E2F/DP
Rhmol03G0077300	B3
Rhmol03G0078000	NAC
Rhmol03G0078100	NAC
Rhmol03G0083000	WD40
Rhmol03G0083600	bZIP
Rhmol03G0086300	bZIP
Rhmol03G0089300	Trihelix
Rhmol03G0090300	C2H2
Rhmol03G0092400	Trihelix
Rhmol03G0093100	HD-ZIP
Rhmol03G0097000	FAR1
Rhmol03G0098700	WD40
Rhmol03G0099100	C2H2
Rhmol03G0099400	MYB
Rhmol03G0101100	MYB_related
Rhmol03G0103100	TCP
Rhmol03G0108700	MYB
Rhmol03G0111000	M-type_MADS
Rhmol03G0112600	WRKY
Rhmol03G0116900	Trihelix
Rhmol03G0120300	NAC
Rhmol03G0120400	NAC
Rhmol03G0120800	C2H2
Rhmol03G0129800	GATA
Rhmol03G0129900	ARF
Rhmol03G0132600	FAR1
Rhmol03G0143300	NF-YB
Rhmol03G0146800	M-type_MADS
Rhmol03G0148700	C2H2
Rhmol03G0149500	LBD
Rhmol03G0151900	GRAS
Rhmol03G0153500	GRAS
Rhmol03G0153700	WD40
Rhmol03G0154900	WD40
Rhmol03G0158500	MYB
Rhmol03G0161800	WOX
Rhmol03G0164200	FAR1
Rhmol03G0164900	FAR1
Rhmol03G0165600	NF-X1
Rhmol03G0166700	WD40
Rhmol03G0167000	WD40
Rhmol03G0167900	MYB
Rhmol03G0168200	G2-like
Rhmol03G0168700	FAR1
Rhmol03G0169800	LBD
Rhmol03G0172800	bHlH
Rhmol03G0176100	bZIP
Rhmol03G0177600	WRKY
Rhmol03G0179500	WD40
Rhmol03G0180600	WD40
Rhmol03G0185300	MYB_related
Rhmol03G0185600	C3H
Rhmol03G0185900	ERF
Rhmol03G0186000	ERF
Rhmol03G0186200	ERF
Rhmol03G0186400	WD40
Rhmol03G0188200	C3H
Rhmol03G0190000	ERF
Rhmol03G0190400	MYB_related
Rhmol03G0199300	FAR1
Rhmol03G0201000	bHlH
Rhmol03G0201100	bHlH
Rhmol03G0201400	bHlH
Rhmol03G0201500	bHlH
Rhmol03G0201600	bHlH
Rhmol03G0201900	Trihelix
Rhmol03G0202200	MIKC_MADS
Rhmol03G0202600	MIKC_MADS
Rhmol03G0203300	TCP
Rhmol03G0204000	WD40
Rhmol03G0204500	ERF
Rhmol03G0204600	ERF
Rhmol03G0204700	ERF
Rhmol03G0205100	ARR-B
Rhmol03G0207000	HD-ZIP
Rhmol03G0207300	HSF
Rhmol03G0209500	MYB
Rhmol03G0209600	MYB
Rhmol03G0210800	bHlH
Rhmol03G0211200	WD40
Rhmol03G0213800	C2H2
Rhmol03G0214200	C2H2
Rhmol03G0215700	GRAS
Rhmol03G0216900	FAR1
Rhmol03G0217600	MYB_related
Rhmol03G0218400	WRKY
Rhmol03G0219100	FAR1
Rhmol03G0222200	WD40
Rhmol03G0223700	ERF
Rhmol03G0224300	WRKY
Rhmol03G0232200	Nin-like
Rhmol03G0234200	Dof
Rhmol03G0236400	GRF
Rhmol03G0237000	WD40
Rhmol03G0239300	NAC
Rhmol03G0242700	WD40
Rhmol03G0245600	MYB
Rhmol03G0245700	WD40
Rhmol03G0246400	WD40
Rhmol03G0250000	ERF
Rhmol03G0252400	GRF
Rhmol03G0252900	MYB_related
Rhmol03G0254100	NF-YA
Rhmol03G0254600	WD40
Rhmol03G0254700	WD40
Rhmol03G0255100	WD40
Rhmol03G0255700	bHlH
Rhmol03G0256800	GATA
Rhmol03G0257100	WD40
Rhmol03G0257600	HRT-like
Rhmol03G0259500	C3H
Rhmol03G0260300	NAC
Rhmol03G0262400	ERF
Rhmol03G0264300	CPP
Rhmol03G0273100	ERF
Rhmol03G0275200	WD40
Rhmol03G0275700	MYB
Rhmol03G0279200	TALE
Rhmol03G0280800	ARR-B
Rhmol03G0281900	bHlH
Rhmol03G0285500	WD40
Rhmol03G0286700	WD40
Rhmol03G0290100	MYB
Rhmol03G0290500	ARR-B
Rhmol03G0290600	C2H2
Rhmol03G0294200	LBD
Rhmol03G0295100	LBD
Rhmol03G0295300	bHlH
Rhmol03G0298100	ERF
Rhmol03G0298400	C3H
Rhmol04G0003000	C3H
Rhmol04G0004300	LBD
Rhmol04G0004800	NAC
Rhmol04G0005500	NAC
Rhmol04G0006300	WRKY
Rhmol04G0006800	C2H2
Rhmol04G0007000	WD40
Rhmol04G0008000	WD40
Rhmol04G0008200	MYB
Rhmol04G0008800	WD40
Rhmol04G0016500	GRAS
Rhmol04G0016700	WRKY
Rhmol04G0019000	WOX
Rhmol04G0019300	ERF
Rhmol04G0026300	WD40
Rhmol04G0026400	WD40
Rhmol04G0026500	bHlH
Rhmol04G0027500	GRAS
Rhmol04G0028500	WD40
Rhmol04G0028700	bHlH
Rhmol04G0035100	NAC
Rhmol04G0039200	ERF
Rhmol04G0041200	TCP
Rhmol04G0042500	M-type_MADS
Rhmol04G0042700	M-type_MADS
Rhmol04G0045600	SAP
Rhmol04G0049600	CO-like
Rhmol04G0050300	MYB_related
Rhmol04G0050600	G2-like
Rhmol04G0053400	FAR1
Rhmol04G0061500	GRAS
Rhmol04G0073600	C3H
Rhmol04G0073800	WD40
Rhmol04G0078300	WRKY
Rhmol04G0078800	MYB
Rhmol04G0080100	HD-ZIP
Rhmol04G0082400	bHlH
Rhmol04G0083000	bHlH
Rhmol04G0085800	FAR1
Rhmol04G0101100	LBD
Rhmol04G0103600	G2-like
Rhmol04G0104400	C3H
Rhmol04G0105300	SBP
Rhmol04G0115300	FAR1
Rhmol04G0117900	FAR1
Rhmol04G0118300	bHlH
Rhmol04G0119200	NAC
Rhmol04G0120300	G2-like
Rhmol04G0120400	MYB
Rhmol04G0120700	MYB
Rhmol04G0121200	GATA
Rhmol04G0126900	NAC
Rhmol04G0127400	NAC
Rhmol04G0131300	HD-ZIP
Rhmol04G0134200	SBP
Rhmol04G0138600	WD40
Rhmol04G0141600	NAC
Rhmol04G0145000	FAR1
Rhmol04G0150900	bHlH
Rhmol04G0153200	bHlH
Rhmol04G0155200	bZIP
Rhmol04G0162300	bZIP
Rhmol04G0164400	FAR1
Rhmol04G0166500	FAR1
Rhmol04G0170000	ERF
Rhmol04G0170600	ZF-HD
Rhmol04G0172300	FAR1
Rhmol04G0173100	FAR1
Rhmol04G0173900	WD40
Rhmol04G0179100	B3
Rhmol04G0184300	FAR1
Rhmol04G0186400	GRAS
Rhmol04G0189000	FAR1
Rhmol04G0194200	FAR1
Rhmol04G0214900	Trihelix
Rhmol04G0222100	TALE
Rhmol04G0225700	Trihelix
Rhmol04G0226000	C3H
Rhmol04G0229600	FAR1
Rhmol04G0230000	GRF
Rhmol04G0238500	S1Fa-like
Rhmol04G0240500	FAR1
Rhmol04G0241400	ARF
Rhmol04G0244000	TCP
Rhmol04G0244900	FAR1
Rhmol04G0250700	NF-YB
Rhmol04G0251100	AP2
Rhmol04G0251400	WRKY
Rhmol04G0259300	FAR1
Rhmol04G0260500	Dof
Rhmol04G0261400	MYB
Rhmol04G0262400	GRAS
Rhmol04G0262700	WRKY
Rhmol04G0265600	FAR1
Rhmol04G0269100	C2H2
Rhmol04G0273400	MYB_related
Rhmol04G0293100	FAR1
Rhmol04G0295000	MYB
Rhmol04G0298100	ERF
Rhmol04G0298400	ERF
Rhmol04G0305300	C2H2
Rhmol04G0305500	C2H2
Rhmol04G0318200	NAC
Rhmol04G0318300	NAC
Rhmol04G0318600	NAC
Rhmol04G0318700	NAC
Rhmol04G0318800	NAC
Rhmol04G0319600	NAC
Rhmol04G0320600	bHlH
Rhmol04G0324200	HSF
Rhmol04G0326400	CPP
Rhmol04G0332700	MYB_related
Rhmol04G0337000	bHlH
Rhmol04G0341100	Nin-like
Rhmol04G0341800	bHlH
Rhmol04G0347100	SBP
Rhmol04G0352500	ERF
Rhmol04G0352600	C3H
Rhmol04G0353300	FAR1
Rhmol04G0354100	MYB_related
Rhmol04G0354600	NF-YB
Rhmol04G0359200	WD40
Rhmol04G0359400	WD40
Rhmol04G0362800	ERF
Rhmol04G0366600	ARR-B
Rhmol04G0366900	GATA
Rhmol04G0367400	C2H2
Rhmol04G0368800	CAMTA
Rhmol04G0369300	WD40
Rhmol04G0374900	bHlH
Rhmol04G0375000	WRKY
Rhmol04G0377500	MYB
Rhmol04G0377600	FAR1
Rhmol04G0380800	CAMTA
Rhmol04G0381100	WD40
Rhmol04G0381400	SBP
Rhmol05G0003100	ARF
Rhmol05G0003300	ERF
Rhmol05G0010400	MYB
Rhmol05G0010500	MYB
Rhmol05G0010800	NF-X1
Rhmol05G0016600	MYB_related
Rhmol05G0018600	HSF
Rhmol05G0018800	C3H
Rhmol05G0019000	bHlH
Rhmol05G0019600	LBD
Rhmol05G0020100	WD40
Rhmol05G0024200	GATA
Rhmol05G0025000	MYB_related
Rhmol05G0025300	WD40
Rhmol05G0025400	HRT-like
Rhmol05G0026400	HRT-like
Rhmol05G0026600	Nin-like
Rhmol05G0026800	Nin-like
Rhmol05G0026900	Nin-like
Rhmol05G0027000	Nin-like
Rhmol05G0027100	Nin-like
Rhmol05G0027200	Nin-like
Rhmol05G0027300	bHlH
Rhmol05G0027600	Nin-like
Rhmol05G0027800	Nin-like
Rhmol05G0028200	Nin-like
Rhmol05G0028500	FAR1
Rhmol05G0032500	WD40
Rhmol05G0034100	MYB
Rhmol05G0034300	C3H
Rhmol05G0034700	NAC
Rhmol05G0039000	WD40
Rhmol05G0044800	ERF
Rhmol05G0045400	B3
Rhmol05G0057000	NAC
Rhmol05G0060100	WD40
Rhmol05G0062400	bHlH
Rhmol05G0062500	bHlH
Rhmol05G0067200	WD40
Rhmol05G0067300	bZIP
Rhmol05G0070000	MYB
Rhmol05G0072700	bHlH
Rhmol05G0078600	bZIP
Rhmol05G0078700	BBR-BPC
Rhmol05G0079500	DBB
Rhmol05G0080800	WD40
Rhmol05G0081100	SRS
Rhmol05G0081700	WD40
Rhmol05G0082600	bZIP
Rhmol05G0084800	MYB_related
Rhmol05G0085200	MYB_related
Rhmol05G0086200	WD40
Rhmol05G0090100	bZIP
Rhmol05G0092000	Nin-like
Rhmol05G0093200	WD40
Rhmol05G0094100	ZF-HD
Rhmol05G0094200	ZF-HD
Rhmol05G0094300	ZF-HD
Rhmol05G0094900	B3
Rhmol05G0101000	B3
Rhmol05G0101300	B3
Rhmol05G0102400	ERF
Rhmol05G0102700	ERF
Rhmol05G0103000	ERF
Rhmol05G0104400	bZIP
Rhmol05G0107800	MYB
Rhmol05G0109900	WD40
Rhmol05G0110900	LBD
Rhmol05G0114200	M-type_MADS
Rhmol05G0117000	bHlH
Rhmol05G0119600	FAR1
Rhmol05G0120700	FAR1
Rhmol05G0120900	MIKC_MADS
Rhmol05G0121100	MIKC_MADS
Rhmol05G0121700	Nin-like
Rhmol05G0121900	MIKC_MADS
Rhmol05G0123700	FAR1
Rhmol05G0124700	GATA
Rhmol05G0126400	bHlH
Rhmol05G0135400	NAC
Rhmol05G0136700	FAR1
Rhmol05G0138300	bZIP
Rhmol05G0138900	FAR1
Rhmol05G0147000	C3H
Rhmol05G0152900	NAC
Rhmol05G0166000	MYB
Rhmol05G0166400	bHlH
Rhmol05G0170500	C3H
Rhmol05G0174600	FAR1
Rhmol05G0180400	bHlH
Rhmol05G0181000	TALE
Rhmol05G0182000	RAV
Rhmol05G0184900	GATA
Rhmol05G0197100	WD40
Rhmol05G0198700	Nin-like
Rhmol05G0199600	NF-YC
Rhmol05G0206700	WD40
Rhmol05G0211300	MYB_related
Rhmol05G0213100	GeBP
Rhmol05G0215500	FAR1
Rhmol05G0215900	bHlH
Rhmol05G0216900	LBD
Rhmol05G0217100	M-type_MADS
Rhmol05G0219600	ERF
Rhmol05G0221200	AP2
Rhmol05G0224900	WRKY
Rhmol05G0227500	ERF
Rhmol05G0229300	G2-like
Rhmol05G0242300	E2F/DP
Rhmol05G0242900	FAR1
Rhmol05G0245500	WD40
Rhmol05G0246000	C2H2
Rhmol05G0246100	NAC
Rhmol05G0246300	NAC
Rhmol05G0247400	S1Fa-like
Rhmol05G0267300	E2F/DP
Rhmol05G0267400	Dof
Rhmol05G0268000	WD40
Rhmol05G0269300	MYB
Rhmol05G0269800	MYB
Rhmol05G0272900	C2H2
Rhmol05G0273000	C2H2
Rhmol05G0273100	bHlH
Rhmol05G0275100	TALE
Rhmol05G0282000	MYB
Rhmol05G0287600	WD40
Rhmol05G0302500	Trihelix
Rhmol05G0302700	WD40
Rhmol05G0308400	bHlH
Rhmol05G0309000	G2-like
Rhmol05G0312500	BES1
Rhmol05G0314800	WRKY
Rhmol05G0316600	WD40
Rhmol05G0317000	bHlH
Rhmol05G0319000	FAR1
Rhmol06G0009000	SBP
Rhmol06G0009400	C3H
Rhmol06G0009500	bZIP
Rhmol06G0011400	NAC
Rhmol06G0017400	WD40
Rhmol06G0025900	bZIP
Rhmol06G0028800	WD40
Rhmol06G0030100	E2F/DP
Rhmol06G0031700	ARF
Rhmol06G0034400	BBR-BPC
Rhmol06G0035100	WD40
Rhmol06G0036000	DBB
Rhmol06G0036100	MIKC_MADS
Rhmol06G0036600	ERF
Rhmol06G0037800	TALE
Rhmol06G0038200	bZIP
Rhmol06G0038500	bHlH
Rhmol06G0038700	ERF
Rhmol06G0038800	ERF
Rhmol06G0040600	C2H2
Rhmol06G0042200	ZF-HD
Rhmol06G0047600	NAC
Rhmol06G0047700	NAC
Rhmol06G0048900	C3H
Rhmol06G0052700	G2-like
Rhmol06G0053000	B3
Rhmol06G0053300	B3
Rhmol06G0053600	B3
Rhmol06G0053700	Dof
Rhmol06G0057000	MYB
Rhmol06G0062700	bZIP
Rhmol06G0063500	bHlH
Rhmol06G0063600	WD40
Rhmol06G0063700	HSF
Rhmol06G0064900	bHlH
Rhmol06G0065100	NAC
Rhmol06G0065300	WOX
Rhmol06G0065400	ERF
Rhmol06G0065600	C2H2
Rhmol06G0067800	MYB
Rhmol06G0070800	WD40
Rhmol06G0075200	LBD
Rhmol06G0075300	LBD
Rhmol06G0075500	LBD
Rhmol06G0075600	LBD
Rhmol06G0075700	C2H2
Rhmol06G0078000	FAR1
Rhmol06G0079000	bZIP
Rhmol06G0079600	GRF
Rhmol06G0079900	AP2
Rhmol06G0080000	bHlH
Rhmol06G0080800	MYB
Rhmol06G0081700	HB-other
Rhmol06G0083400	FAR1
Rhmol06G0084600	FAR1
Rhmol06G0085600	bHlH
Rhmol06G0086600	bHlH
Rhmol06G0087800	M-type_MADS
Rhmol06G0089300	WD40
Rhmol06G0090100	MIKC_MADS
Rhmol06G0090500	bHlH
Rhmol06G0093100	bHlH
Rhmol06G0093200	WD40
Rhmol06G0094000	ZF-HD
Rhmol06G0095800	bHlH
Rhmol06G0099800	C2H2
Rhmol06G0102000	MYB
Rhmol06G0107500	ERF
Rhmol06G0107600	WD40
Rhmol06G0109700	M-type_MADS
Rhmol06G0112700	bZIP
Rhmol06G0113200	WD40
Rhmol06G0115400	NAC
Rhmol06G0133100	TCP
Rhmol06G0134900	NAC
Rhmol06G0136400	C2H2
Rhmol06G0140000	FAR1
Rhmol06G0145100	BES1
Rhmol06G0147600	C2H2
Rhmol06G0148000	WD40
Rhmol06G0149700	ZF-HD
Rhmol06G0152000	FAR1
Rhmol06G0154000	MYB
Rhmol06G0154200	FAR1
Rhmol06G0156700	HD-ZIP
Rhmol06G0159100	bHlH
Rhmol06G0159700	WD40
Rhmol06G0161400	FAR1
Rhmol06G0163000	MIKC_MADS
Rhmol06G0168700	FAR1
Rhmol06G0169500	WD40
Rhmol06G0182200	WRKY
Rhmol06G0184400	Trihelix
Rhmol06G0188700	bHlH
Rhmol06G0189700	TCP
Rhmol06G0192800	bZIP
Rhmol06G0194500	C2H2
Rhmol06G0194600	NAC
Rhmol06G0194900	HB-other
Rhmol06G0195100	G2-like
Rhmol06G0195800	bHlH
Rhmol06G0196200	WD40
Rhmol06G0197200	ERF
Rhmol06G0199700	FAR1
Rhmol06G0202600	bHlH
Rhmol06G0203800	FAR1
Rhmol06G0212100	ERF
Rhmol06G0215400	MYB
Rhmol06G0216000	MYB
Rhmol06G0216100	MYB_related
Rhmol06G0219600	GeBP
Rhmol06G0219700	M-type_MADS
Rhmol06G0219900	WRKY
Rhmol06G0220100	bHlH
Rhmol06G0221000	CO-like
Rhmol06G0222700	MYB_related
Rhmol06G0223400	HD-ZIP
Rhmol06G0226800	MYB
Rhmol06G0228300	WRKY
Rhmol06G0233200	C3H
Rhmol06G0233400	ERF
Rhmol06G0242700	WRKY
Rhmol06G0242800	GRAS
Rhmol06G0246200	FAR1
Rhmol06G0246700	NF-YB
Rhmol06G0260900	STAT
Rhmol06G0261400	WD40
Rhmol06G0261700	FAR1
Rhmol06G0263500	DBB
Rhmol06G0264400	BES1
Rhmol06G0268600	M-type_MADS
Rhmol06G0269300	BES1
Rhmol06G0270800	bZIP
Rhmol06G0272100	HD-ZIP
Rhmol06G0272600	NAC
Rhmol06G0273500	SBP
Rhmol06G0275700	WD40
Rhmol06G0281300	WD40
Rhmol06G0281400	ERF
Rhmol06G0282400	NAC
Rhmol06G0282600	NAC
Rhmol06G0286100	NZZ/SPL
Rhmol06G0287100	bHlH
Rhmol06G0289100	GRAS
Rhmol06G0289500	C2H2
Rhmol06G0290200	bHlH
Rhmol06G0290800	G2-like
Rhmol06G0291900	MYB_related
Rhmol06G0301200	WRKY
Rhmol06G0309000	WRKY
Rhmol06G0316900	WD40
Rhmol06G0317400	WD40
Rhmol06G0317800	WD40
Rhmol06G0318000	C2H2
Rhmol06G0318700	WRKY
Rhmol06G0320100	NAC
Rhmol06G0322700	NAC
Rhmol06G0322900	LBD
Rhmol06G0324500	MYB
Rhmol06G0325800	NF-YC
Rhmol06G0327300	G2-like
Rhmol07G0001000	WD40
Rhmol07G0004000	WD40
Rhmol07G0004100	MYB
Rhmol07G0004400	WD40
Rhmol07G0004900	ERF
Rhmol07G0005000	bHlH
Rhmol07G0007300	C3H
Rhmol07G0008100	WRKY
Rhmol07G0009600	ERF
Rhmol07G0010000	bZIP
Rhmol07G0012500	WRKY
Rhmol07G0013200	WRKY
Rhmol07G0018200	bHlH
Rhmol07G0018400	BES1
Rhmol07G0020100	MYB
Rhmol07G0022000	MYB
Rhmol07G0022500	HD-ZIP
Rhmol07G0023600	ARR-B
Rhmol07G0024000	WD40
Rhmol07G0024200	WD40
Rhmol07G0024400	WD40
Rhmol07G0024700	TCP
Rhmol07G0025200	TCP
Rhmol07G0025700	MIKC_MADS
Rhmol07G0026000	MIKC_MADS
Rhmol07G0027700	WD40
Rhmol07G0030600	LBD
Rhmol07G0034600	YABBY
Rhmol07G0035600	GRAS
Rhmol07G0037700	bHlH
Rhmol07G0038200	SBP
Rhmol07G0038300	SBP
Rhmol07G0039600	ERF
Rhmol07G0041800	HD-ZIP
Rhmol07G0045200	WRKY
Rhmol07G0052900	bHlH
Rhmol07G0055500	B3
Rhmol07G0055700	B3
Rhmol07G0055800	B3
Rhmol07G0058000	C2H2
Rhmol07G0060100	M-type_MADS
Rhmol07G0066200	bHlH
Rhmol07G0066700	HB-other
Rhmol07G0067200	C3H
Rhmol07G0067500	C2H2
Rhmol07G0068300	C3H
Rhmol07G0068700	NF-YA
Rhmol07G0071200	WD40
Rhmol07G0071500	WD40
Rhmol07G0071700	WD40
Rhmol07G0071900	MIKC_MADS
Rhmol07G0072200	WD40
Rhmol07G0072700	bZIP
Rhmol07G0074600	GRAS
Rhmol07G0079500	WD40
Rhmol07G0080600	Trihelix
Rhmol07G0085400	NF-YC
Rhmol07G0086100	AP2
Rhmol07G0086200	ERF
Rhmol07G0089400	bZIP
Rhmol07G0090600	Nin-like
Rhmol07G0091300	NAC
Rhmol07G0092000	bHlH
Rhmol07G0092100	bHlH
Rhmol07G0092300	HD-ZIP
Rhmol07G0094300	WD40
Rhmol07G0094400	WD40
Rhmol07G0096000	bHlH
Rhmol07G0097200	Nin-like
Rhmol07G0099700	ERF
Rhmol07G0100000	MYB_related
Rhmol07G0100100	WRKY
Rhmol07G0100200	WD40
Rhmol07G0102000	ERF
Rhmol07G0102200	bZIP
Rhmol07G0103100	FAR1
Rhmol07G0104800	WD40
Rhmol07G0104900	WRKY
Rhmol07G0105400	WRKY
Rhmol07G0105600	MYB
Rhmol07G0108500	B3
Rhmol07G0112600	GRAS
Rhmol07G0113500	ERF
Rhmol07G0114800	TALE
Rhmol07G0114900	M-type_MADS
Rhmol07G0115300	WD40
Rhmol07G0115800	bHlH
Rhmol07G0116600	GRF
Rhmol07G0120400	C2H2
Rhmol07G0121900	MYB
Rhmol07G0122900	NAC
Rhmol07G0123400	YABBY
Rhmol07G0132500	MYB
Rhmol07G0135300	MYB
Rhmol07G0136100	HD-ZIP
Rhmol07G0136500	ERF
Rhmol07G0136700	ERF
Rhmol07G0136900	ERF
Rhmol07G0137300	ERF
Rhmol07G0137400	ERF
Rhmol07G0138800	FAR1
Rhmol07G0140200	GATA
Rhmol07G0143100	SRS
Rhmol07G0148000	MYB_related
Rhmol07G0151500	bHlH
Rhmol07G0152600	bHlH
Rhmol07G0152700	C3H
Rhmol07G0154800	HSF
Rhmol07G0156400	G2-like
Rhmol07G0159900	bZIP
Rhmol07G0162300	BBR-BPC
Rhmol07G0166400	WD40
Rhmol07G0167100	GRF
Rhmol07G0171100	Dof
Rhmol07G0171400	TALE
Rhmol07G0172000	LBD
Rhmol07G0178400	GATA
Rhmol07G0181800	WD40
Rhmol07G0191100	TALE
Rhmol07G0202300	GRAS
Rhmol07G0202500	FAR1
Rhmol07G0204500	CPP
Rhmol07G0207400	ARR-B
Rhmol07G0214900	FAR1
Rhmol07G0218300	bZIP
Rhmol07G0220000	WD40
Rhmol07G0220500	FAR1
Rhmol07G0227400	WD40
Rhmol07G0230400	bHlH
Rhmol07G0234000	NF-YB
Rhmol07G0236700	FAR1
Rhmol07G0238800	MIKC_MADS
Rhmol07G0239900	NF-YB
Rhmol07G0240500	MYB_related
Rhmol07G0244800	WD40
Rhmol07G0245300	FAR1
Rhmol07G0245400	ERF
Rhmol07G0246800	HB-other
Rhmol07G0255500	bZIP
Rhmol07G0255700	M-type_MADS
Rhmol07G0258400	WD40
Rhmol07G0263400	HD-ZIP
Rhmol07G0267800	bHlH
Rhmol07G0268100	bHlH
Rhmol07G0270600	MIKC_MADS
Rhmol07G0271100	MYB_related
Rhmol07G0275000	GATA
Rhmol07G0276700	MIKC_MADS
Rhmol07G0278800	HD-ZIP
Rhmol07G0280000	AP2
Rhmol07G0280100	GRF
Rhmol07G0281000	WD40
Rhmol07G0282300	NAC
Rhmol07G0283500	WD40
Rhmol07G0283600	B3
Rhmol07G0284500	bHlH
Rhmol07G0284700	C2H2
Rhmol07G0286800	MIKC_MADS
Rhmol07G0291100	WRKY
Rhmol07G0291400	ERF
Rhmol07G0291500	WOX
Rhmol07G0293100	HSF
Rhmol07G0293300	bZIP
Rhmol07G0298400	B3
Rhmol07G0300700	BES1
Rhmol07G0302100	C2H2
Rhmol07G0305000	MYB_related
Rhmol07G0305300	MYB_related
Rhmol07G0306400	MYB_related
Rhmol07G0307800	bZIP
Rhmol07G0308700	TALE
Rhmol07G0309300	ERF
Rhmol07G0309600	SRS
Rhmol07G0309700	DBB
Rhmol07G0310600	BBR-BPC
Rhmol07G0311800	C2H2
Rhmol07G0323100	NAC
Rhmol08G0003800	NAC
Rhmol08G0003900	bHlH
Rhmol08G0005100	M-type_MADS
Rhmol08G0005700	WD40
Rhmol08G0009200	NF-YB
Rhmol08G0010000	bZIP
Rhmol08G0010900	M-type_MADS
Rhmol08G0013500	C2H2
Rhmol08G0015800	bHlH
Rhmol08G0019100	bHlH
Rhmol08G0019300	MIKC_MADS
Rhmol08G0020000	AP2
Rhmol08G0022000	GRAS
Rhmol08G0022500	MYB
Rhmol08G0025100	MYB_related
Rhmol08G0025400	NAC
Rhmol08G0027700	ARF
Rhmol08G0030200	WD40
Rhmol08G0030700	WD40
Rhmol08G0032600	M-type_MADS
Rhmol08G0033100	Nin-like
Rhmol08G0033600	C2H2
Rhmol08G0038800	WD40
Rhmol08G0040400	WD40
Rhmol08G0042100	C3H
Rhmol08G0042800	GATA
Rhmol08G0043300	MIKC_MADS
Rhmol08G0043800	MIKC_MADS
Rhmol08G0044500	WD40
Rhmol08G0046800	M-type_MADS
Rhmol08G0047800	bHlH
Rhmol08G0048400	C2H2
Rhmol08G0048600	CO-like
Rhmol08G0049100	NAC
Rhmol08G0050200	TCP
Rhmol08G0050500	SBP
Rhmol08G0050700	MIKC_MADS
Rhmol08G0051300	C2H2
Rhmol08G0054600	Trihelix
Rhmol08G0055300	FAR1
Rhmol08G0055700	C3H
Rhmol08G0057100	NAC
Rhmol08G0060400	LBD
Rhmol08G0063200	MYB
Rhmol08G0066100	HD-ZIP
Rhmol08G0068000	HB-other
Rhmol08G0072400	WD40
Rhmol08G0077200	bHlH
Rhmol08G0077500	bHlH
Rhmol08G0077900	NAC
Rhmol08G0078400	ZF-HD
Rhmol08G0078900	Dof
Rhmol08G0079800	NAC
Rhmol08G0079900	MYB
Rhmol08G0081700	ERF
Rhmol08G0082100	WRKY
Rhmol08G0083600	C2H2
Rhmol08G0084600	bHlH
Rhmol08G0085200	TCP
Rhmol08G0087100	MIKC_MADS
Rhmol08G0087200	MIKC_MADS
Rhmol08G0088400	bHlH
Rhmol08G0090600	FAR1
Rhmol08G0090800	CO-like
Rhmol08G0094700	LBD
Rhmol08G0096600	C3H
Rhmol08G0099500	bHlH
Rhmol08G0100400	MYB
Rhmol08G0100500	MYB
Rhmol08G0101000	MYB_related
Rhmol08G0101400	MIKC_MADS
Rhmol08G0102500	bHlH
Rhmol08G0103400	HD-ZIP
Rhmol08G0103500	MYB
Rhmol08G0104200	bHlH
Rhmol08G0104300	AP2
Rhmol08G0104600	GRF
Rhmol08G0104800	bZIP
Rhmol08G0106900	GRAS
Rhmol08G0107500	FAR1
Rhmol08G0108900	LBD
Rhmol08G0114200	WRKY
Rhmol08G0114900	ERF
Rhmol08G0115000	AP2
Rhmol08G0115500	bHlH
Rhmol08G0117100	HSF
Rhmol08G0117500	ERF
Rhmol08G0119000	WD40
Rhmol08G0120500	LBD
Rhmol08G0120600	G2-like
Rhmol08G0121500	Dof
Rhmol08G0126600	B3
Rhmol08G0126700	B3
Rhmol08G0126800	B3
Rhmol08G0127100	B3
Rhmol08G0127200	B3
Rhmol08G0127300	B3
Rhmol08G0127400	B3
Rhmol08G0127500	B3
Rhmol08G0127600	B3
Rhmol08G0128700	ERF
Rhmol08G0131500	BES1
Rhmol08G0132900	BES1
Rhmol08G0133400	HD-ZIP
Rhmol08G0133500	FAR1
Rhmol08G0134400	C2H2
Rhmol08G0140300	ZF-HD
Rhmol08G0140600	bHlH
Rhmol08G0146200	Nin-like
Rhmol08G0148000	SRS
Rhmol08G0148200	MYB
Rhmol08G0148600	HD-ZIP
Rhmol08G0150500	FAR1
Rhmol08G0151700	MYB_related
Rhmol08G0160900	FAR1
Rhmol08G0162200	WD40
Rhmol08G0172000	ARR-B
Rhmol08G0174200	bHlH
Rhmol08G0179500	ERF
Rhmol08G0180200	WD40
Rhmol08G0183200	TCP
Rhmol08G0192400	WD40
Rhmol08G0192700	WD40
Rhmol08G0193700	MIKC_MADS
Rhmol08G0195300	bHlH
Rhmol08G0198400	C2H2
Rhmol08G0202300	C2H2
Rhmol08G0207700	NAC
Rhmol08G0210100	ZF-HD
Rhmol08G0210600	MYB
Rhmol08G0212200	TCP
Rhmol08G0212700	bHlH
Rhmol08G0214200	bHlH
Rhmol08G0220600	HD-ZIP
Rhmol08G0222400	LBD
Rhmol08G0225300	bHlH
Rhmol08G0226000	MYB_related
Rhmol08G0227200	FAR1
Rhmol08G0228700	E2F/DP
Rhmol08G0235500	FAR1
Rhmol08G0236300	bHlH
Rhmol08G0237000	MYB
Rhmol08G0238300	Dof
Rhmol08G0239100	MYB
Rhmol08G0240100	TALE
Rhmol08G0242100	LBD
Rhmol08G0242400	MYB
Rhmol08G0248300	WD40
Rhmol08G0248400	WD40
Rhmol08G0250100	WD40
Rhmol08G0252300	C3H
Rhmol08G0252500	C3H
Rhmol08G0256100	WD40
Rhmol08G0257500	Trihelix
Rhmol08G0260200	NF-YC
Rhmol08G0261300	SBP
Rhmol08G0263700	GRAS
Rhmol08G0263900	GRAS
Rhmol08G0265000	NAC
Rhmol08G0266800	bHlH
Rhmol08G0268000	bHlH
Rhmol08G0268100	ARF
Rhmol08G0269300	WD40
Rhmol08G0269500	ERF
Rhmol08G0270000	LFY
Rhmol08G0274000	AP2
Rhmol08G0276800	WRKY
Rhmol08G0278700	C2H2
Rhmol08G0279600	ERF
Rhmol08G0280200	ERF
Rhmol08G0283100	FAR1
Rhmol08G0283200	FAR1
Rhmol08G0285200	WD40
Rhmol08G0287400	ERF
Rhmol08G0288700	M-type_MADS
Rhmol08G0289900	C3H
Rhmol08G0290300	WD40
Rhmol08G0290400	WD40
Rhmol08G0294200	WD40
Rhmol08G0299500	bHlH
Rhmol08G0300000	WD40
Rhmol08G0300700	ERF
Rhmol08G0301200	GATA
Rhmol08G0301300	WD40
Rhmol08G0301600	HD-ZIP
Rhmol08G0302400	MYB_related
Rhmol08G0305900	bHlH
Rhmol08G0307600	Dof
Rhmol08G0307700	WD40
Rhmol08G0310300	LBD
Rhmol08G0310400	C2H2
Rhmol08G0312900	NF-YA
Rhmol08G0313900	MYB
Rhmol08G0314000	MYB_related
Rhmol08G0314600	MYB
Rhmol08G0314800	AP2
Rhmol08G0315100	GRAS
Rhmol08G0315200	GRAS
Rhmol08G0318600	Trihelix
Rhmol08G0324700	GATA
Rhmol09G0006400	FAR1
Rhmol09G0008800	FAR1
Rhmol09G0010400	WD40
Rhmol09G0013600	bHlH
Rhmol09G0015000	M-type_MADS
Rhmol09G0021200	WD40
Rhmol09G0021400	WD40
Rhmol09G0026900	bZIP
Rhmol09G0031100	FAR1
Rhmol09G0031700	FAR1
Rhmol09G0031900	FAR1
Rhmol09G0039000	NAC
Rhmol09G0049900	MYB
Rhmol09G0056900	GATA
Rhmol09G0058300	FAR1
Rhmol09G0059100	WD40
Rhmol09G0060100	Nin-like
Rhmol09G0064200	FAR1
Rhmol09G0067400	bHlH
Rhmol09G0068000	FAR1
Rhmol09G0068100	G2-like
Rhmol09G0071700	ERF
Rhmol09G0080400	FAR1
Rhmol09G0083600	GRAS
Rhmol09G0085400	WOX
Rhmol09G0090700	TCP
Rhmol09G0094800	FAR1
Rhmol09G0101000	FAR1
Rhmol09G0110200	B3
Rhmol09G0115600	ZF-HD
Rhmol09G0116000	BBR-BPC
Rhmol09G0116500	C2H2
Rhmol09G0119500	FAR1
Rhmol09G0122000	G2-like
Rhmol09G0122900	C2H2
Rhmol09G0123400	bHlH
Rhmol09G0125100	C3H
Rhmol09G0127000	ARR-B
Rhmol09G0127900	HSF
Rhmol09G0130800	C2H2
Rhmol09G0133800	MYB
Rhmol09G0139600	WOX
Rhmol09G0140700	HB-other
Rhmol09G0142900	MYB
Rhmol09G0144100	FAR1
Rhmol09G0149800	WD40
Rhmol09G0154200	MYB
Rhmol09G0154300	bHlH
Rhmol09G0157000	CO-like
Rhmol09G0157700	ERF
Rhmol09G0159800	FAR1
Rhmol09G0161700	bZIP
Rhmol09G0162100	FAR1
Rhmol09G0162800	G2-like
Rhmol09G0162900	C2H2
Rhmol09G0163400	RAV
Rhmol09G0164100	NAC
Rhmol09G0164800	bHlH
Rhmol09G0164900	TCP
Rhmol09G0172400	bHlH
Rhmol09G0174200	bHlH
Rhmol09G0176000	WD40
Rhmol09G0177800	bHlH
Rhmol09G0184000	C3H
Rhmol09G0185200	MYB_related
Rhmol09G0192000	ERF
Rhmol09G0192100	MYB_related
Rhmol09G0193500	ERF
Rhmol09G0193600	ERF
Rhmol09G0201800	FAR1
Rhmol09G0205600	NAC
Rhmol09G0205700	NAC
Rhmol09G0205800	C2H2
Rhmol09G0210900	GATA
Rhmol09G0213300	MYB_related
Rhmol09G0215000	NF-YB
Rhmol09G0222100	C2H2
Rhmol09G0226100	LBD
Rhmol09G0228200	WD40
Rhmol09G0231500	MYB
Rhmol09G0232700	MYB
Rhmol09G0233500	WD40
Rhmol09G0236400	C3H
Rhmol09G0237400	ERF
Rhmol09G0237800	Trihelix
Rhmol09G0237900	LBD
Rhmol09G0239400	LBD
Rhmol09G0239800	ERF
Rhmol09G0242400	LBD
Rhmol09G0244300	bZIP
Rhmol09G0246000	WD40
Rhmol09G0248100	ERF
Rhmol09G0248200	ERF
Rhmol09G0248300	ERF
Rhmol09G0253800	bHlH
Rhmol09G0254300	TCP
Rhmol09G0255100	ERF
Rhmol09G0256100	FAR1
Rhmol09G0256400	HD-ZIP
Rhmol09G0262700	WD40
Rhmol09G0264900	ERF
Rhmol09G0265100	bHlH
Rhmol09G0268600	WD40
Rhmol09G0268700	Dof
Rhmol09G0270300	HD-ZIP
Rhmol09G0271500	WD40
Rhmol09G0272000	NAC
Rhmol09G0275500	HSF
Rhmol10G0002100	FAR1
Rhmol10G0004200	NAC
Rhmol10G0004500	NAC
Rhmol10G0005800	TCP
Rhmol10G0006200	WRKY
Rhmol10G0006500	MIKC_MADS
Rhmol10G0016700	MYB
Rhmol10G0016800	MYB_related
Rhmol10G0022100	NAC
Rhmol10G0023600	WD40
Rhmol10G0025600	WD40
Rhmol10G0025700	WD40
Rhmol10G0027200	MYB
Rhmol10G0027800	MYB
Rhmol10G0031500	HD-ZIP
Rhmol10G0036600	WD40
Rhmol10G0037200	E2F/DP
Rhmol10G0041000	LBD
Rhmol10G0045300	WRKY
Rhmol10G0045400	WD40
Rhmol10G0046900	HD-ZIP
Rhmol10G0047200	bHlH
Rhmol10G0049300	MYB
Rhmol10G0049500	ZF-HD
Rhmol10G0049600	ZF-HD
Rhmol10G0051800	Dof
Rhmol10G0052400	Dof
Rhmol10G0052900	Dof
Rhmol10G0054500	MYB
Rhmol10G0055500	NAC
Rhmol10G0055800	MYB
Rhmol10G0060000	C2H2
Rhmol10G0062300	WD40
Rhmol10G0063800	FAR1
Rhmol10G0069800	MYB
Rhmol10G0078500	bZIP
Rhmol10G0079100	WD40
Rhmol10G0083700	TCP
Rhmol10G0083900	TCP
Rhmol10G0084100	TCP
Rhmol10G0084200	TCP
Rhmol10G0084600	TCP
Rhmol10G0085700	NAC
Rhmol10G0085800	NAC
Rhmol10G0085900	NAC
Rhmol10G0086000	NAC
Rhmol10G0086200	NAC
Rhmol10G0094900	FAR1
Rhmol10G0101400	bHlH
Rhmol10G0102000	bHlH
Rhmol10G0102500	FAR1
Rhmol10G0102800	bHlH
Rhmol10G0107500	WD40
Rhmol10G0107600	bHlH
Rhmol10G0108500	M-type_MADS
Rhmol10G0109600	M-type_MADS
Rhmol10G0117900	MYB
Rhmol10G0119800	GRF
Rhmol10G0120200	WD40
Rhmol10G0122800	WD40
Rhmol10G0125100	MYB_related
Rhmol10G0129500	GRAS
Rhmol10G0134600	WD40
Rhmol10G0135400	FAR1
Rhmol10G0137800	FAR1
Rhmol10G0138700	Trihelix
Rhmol10G0143900	MYB
Rhmol10G0146000	ERF
Rhmol10G0147900	AP2
Rhmol10G0149200	bHlH
Rhmol10G0150900	GATA
Rhmol10G0151300	WD40
Rhmol10G0155900	LBD
Rhmol10G0156000	LBD
Rhmol10G0161400	HSF
Rhmol10G0180000	B3
Rhmol10G0181500	NAC
Rhmol10G0186600	NF-YB
Rhmol10G0186900	FAR1
Rhmol10G0190800	FAR1
Rhmol10G0194000	FAR1
Rhmol10G0195400	WD40
Rhmol10G0207200	WD40
Rhmol10G0209800	FAR1
Rhmol10G0212500	Trihelix
Rhmol10G0215400	ERF
Rhmol10G0220000	WRKY
Rhmol10G0221600	WRKY
Rhmol10G0228700	NF-YB
Rhmol10G0233100	bZIP
Rhmol10G0234800	FAR1
Rhmol10G0236800	M-type_MADS
Rhmol10G0238100	ERF
Rhmol10G0241900	CAMTA
Rhmol10G0242300	MYB
Rhmol10G0242600	HSF
Rhmol10G0242700	C2H2
Rhmol10G0243100	FAR1
Rhmol10G0248200	HD-ZIP
Rhmol10G0249200	bHlH
Rhmol10G0252700	ZF-HD
Rhmol10G0260200	GeBP
Rhmol10G0261100	MYB
Rhmol10G0262400	WD40
Rhmol10G0263100	GRAS
Rhmol10G0263300	GRAS
Rhmol10G0266600	ERF
Rhmol10G0268600	G2-like
Rhmol10G0270500	HD-ZIP
Rhmol10G0271200	MYB_related
Rhmol10G0271400	NAC
Rhmol10G0273500	MYB_related
Rhmol10G0275100	ARF
Rhmol10G0275700	Nin-like
Rhmol10G0279200	FAR1
Rhmol10G0279800	FAR1
Rhmol10G0283500	WOX
Rhmol10G0297200	bZIP
Rhmol10G0297500	WD40
Rhmol10G0302100	WOX
Rhmol10G0303600	BBR-BPC
Rhmol10G0303700	NAC
Rhmol10G0305900	SRS
Rhmol11G0000400	SBP
Rhmol11G0002900	GATA
Rhmol11G0004400	C2H2
Rhmol11G0036900	C2H2
Rhmol11G0038000	NAC
Rhmol11G0043700	FAR1
Rhmol11G0044700	GATA
Rhmol11G0045000	FAR1
Rhmol11G0056800	ARR-B
Rhmol11G0057600	WD40
Rhmol11G0058500	bHlH
Rhmol11G0058600	bHlH
Rhmol11G0061800	MYB
Rhmol11G0062600	HSF
Rhmol11G0063000	GeBP
Rhmol11G0063200	GeBP
Rhmol11G0064700	HD-ZIP
Rhmol11G0066500	G2-like
Rhmol11G0073600	bZIP
Rhmol11G0077900	WD40
Rhmol11G0078200	G2-like
Rhmol11G0078300	G2-like
Rhmol11G0078900	GeBP
Rhmol11G0079100	FAR1
Rhmol11G0079900	GeBP
Rhmol11G0080200	GeBP
Rhmol11G0084300	B3
Rhmol11G0084700	FAR1
Rhmol11G0094700	BES1
Rhmol11G0097200	HSF
Rhmol11G0097900	C2H2
Rhmol11G0099400	GATA
Rhmol11G0100700	TALE
Rhmol11G0102800	GeBP
Rhmol11G0103100	GeBP
Rhmol11G0103200	GeBP
Rhmol11G0105100	C3H
Rhmol11G0109300	M-type_MADS
Rhmol11G0111400	FAR1
Rhmol11G0111500	HD-ZIP
Rhmol11G0121200	WRKY
Rhmol11G0121300	WRKY
Rhmol11G0121700	ARF
Rhmol11G0126100	ERF
Rhmol11G0130600	NAC
Rhmol11G0131800	MIKC_MADS
Rhmol11G0132100	MIKC_MADS
Rhmol11G0137400	MYB
Rhmol11G0137700	GRAS
Rhmol11G0139500	C3H
Rhmol11G0141500	bZIP
Rhmol11G0141600	WD40
Rhmol11G0141800	Trihelix
Rhmol11G0142100	Trihelix
Rhmol11G0146200	ERF
Rhmol11G0151600	WD40
Rhmol11G0156900	bHlH
Rhmol11G0165900	M-type_MADS
Rhmol11G0166700	bHlH
Rhmol11G0167000	MYB
Rhmol11G0173000	WD40
Rhmol11G0174200	WD40
Rhmol11G0175900	NAC
Rhmol11G0177200	NAC
Rhmol11G0177400	NAC
Rhmol11G0177600	NAC
Rhmol11G0177800	NAC
Rhmol11G0178100	NAC
Rhmol11G0178300	NAC
Rhmol11G0178600	NAC
Rhmol11G0178800	NAC
Rhmol11G0179200	NAC
Rhmol11G0179300	NAC
Rhmol11G0179400	NAC
Rhmol11G0180100	ZF-HD
Rhmol11G0181400	FAR1
Rhmol11G0182200	SBP
Rhmol11G0186500	TCP
Rhmol11G0186700	C2H2
Rhmol11G0186800	ZF-HD
Rhmol11G0186900	ZF-HD
Rhmol11G0187000	ZF-HD
Rhmol11G0187100	ZF-HD
Rhmol11G0187700	bZIP
Rhmol11G0194400	WD40
Rhmol11G0195200	bZIP
Rhmol11G0197300	NAC
Rhmol11G0197500	C3H
Rhmol11G0197800	WD40
Rhmol11G0208600	MIKC_MADS
Rhmol11G0212500	GATA
Rhmol11G0218700	M-type_MADS
Rhmol11G0222000	bHlH
Rhmol11G0224900	M-type_MADS
Rhmol11G0225100	M-type_MADS
Rhmol11G0225300	M-type_MADS
Rhmol11G0225500	M-type_MADS
Rhmol11G0229000	GeBP
Rhmol11G0229500	MYB_related
Rhmol11G0231500	WD40
Rhmol11G0231600	C2H2
Rhmol11G0231800	LBD
Rhmol11G0231900	LBD
Rhmol11G0233900	HB-PHD
Rhmol11G0235200	bHlH
Rhmol11G0240200	WD40
Rhmol11G0242700	bHlH
Rhmol11G0243100	bZIP
Rhmol11G0244700	B3
Rhmol11G0244800	B3
Rhmol11G0248100	G2-like
Rhmol11G0253100	B3
Rhmol11G0253300	B3
Rhmol11G0253400	B3
Rhmol11G0257200	WD40
Rhmol11G0257700	bZIP
Rhmol11G0259900	WD40
Rhmol11G0261800	MYB_related
Rhmol11G0262400	MYB_related
Rhmol11G0262500	bHlH
Rhmol11G0264000	bZIP
Rhmol11G0265000	TALE
Rhmol11G0266700	WD40
Rhmol11G0267500	GATA
Rhmol11G0269100	BBR-BPC
Rhmol11G0269400	C3H
Rhmol11G0276600	MYB
Rhmol11G0279900	WD40
Rhmol11G0281900	NAC
Rhmol11G0284100	Nin-like
Rhmol11G0284200	FAR1
Rhmol11G0285600	FAR1
Rhmol11G0286300	FAR1
Rhmol12G0001300	NAC
Rhmol12G0002800	WD40
Rhmol12G0003600	MIKC_MADS
Rhmol12G0003900	WD40
Rhmol12G0004800	ERF
Rhmol12G0007400	MYB
Rhmol12G0008500	bHlH
Rhmol12G0009100	WRKY
Rhmol12G0016300	GRAS
Rhmol12G0016700	FAR1
Rhmol12G0016800	FAR1
Rhmol12G0018400	ERF
Rhmol12G0020500	Trihelix
Rhmol12G0024000	NAC
Rhmol12G0026000	TCP
Rhmol12G0026900	MIKC_MADS
Rhmol12G0027000	MIKC_MADS
Rhmol12G0027600	CAMTA
Rhmol12G0028300	SBP
Rhmol12G0029500	NF-YC
Rhmol12G0029600	NF-YC
Rhmol12G0032800	Trihelix
Rhmol12G0040300	WD40
Rhmol12G0041900	ERF
Rhmol12G0046600	ERF
Rhmol12G0052700	bHlH
Rhmol12G0055400	C2H2
Rhmol12G0058000	FAR1
Rhmol12G0065200	FAR1
Rhmol12G0065800	WD40
Rhmol12G0065900	HD-ZIP
Rhmol12G0066000	bHlH
Rhmol12G0068700	MYB
Rhmol12G0069800	Dof
Rhmol12G0071000	NAC
Rhmol12G0071100	MYB
Rhmol12G0071300	MYB
Rhmol12G0071400	MYB
Rhmol12G0071600	MYB
Rhmol12G0071700	MYB
Rhmol12G0073900	C2H2
Rhmol12G0074600	MYB
Rhmol12G0077600	bHlH
Rhmol12G0079100	bHlH
Rhmol12G0080500	SBP
Rhmol12G0080600	YABBY
Rhmol12G0082700	M-type_MADS
Rhmol12G0084000	C2H2
Rhmol12G0084400	WRKY
Rhmol12G0088400	bHlH
Rhmol12G0089600	NAC
Rhmol12G0090200	RAV
Rhmol12G0093200	FAR1
Rhmol12G0093500	CO-like
Rhmol12G0096400	ARR-B
Rhmol12G0098500	FAR1
Rhmol12G0099900	MYB
Rhmol12G0103100	WD40
Rhmol12G0105100	M-type_MADS
Rhmol12G0105200	Trihelix
Rhmol12G0105900	ERF
Rhmol12G0107400	B3
Rhmol12G0108100	CO-like
Rhmol12G0108500	M-type_MADS
Rhmol12G0108800	NAC
Rhmol12G0110800	WRKY
Rhmol12G0111300	SBP
Rhmol12G0111500	MIKC_MADS
Rhmol12G0111600	B3
Rhmol12G0112200	CAMTA
Rhmol12G0117700	M-type_MADS
Rhmol12G0121000	FAR1
Rhmol12G0122400	ARR-B
Rhmol12G0134100	TALE
Rhmol12G0134700	YABBY
Rhmol12G0138600	bHlH
Rhmol12G0141800	FAR1
Rhmol12G0143300	bHlH
Rhmol12G0146100	C2H2
Rhmol12G0146400	WD40
Rhmol12G0148200	MYB_related
Rhmol12G0149000	bHlH
Rhmol12G0151500	Whirly
Rhmol12G0151800	Whirly
Rhmol12G0152700	MYB
Rhmol12G0153000	HD-ZIP
Rhmol12G0153500	NAC
Rhmol12G0155600	WD40
Rhmol12G0157100	WRKY
Rhmol12G0162300	MYB
Rhmol12G0162600	WD40
Rhmol12G0162700	WD40
Rhmol12G0167000	NAC
Rhmol12G0167200	LBD
Rhmol12G0167400	CO-like
Rhmol12G0169000	TCP
Rhmol12G0170800	G2-like
Rhmol12G0171600	bZIP
Rhmol12G0171800	WD40
Rhmol12G0175300	TCP
Rhmol12G0176400	SBP
Rhmol12G0176700	MIKC_MADS
Rhmol12G0176800	MIKC_MADS
Rhmol12G0177200	Dof
Rhmol12G0180400	bHlH
Rhmol12G0182900	M-type_MADS
Rhmol12G0183400	ZF-HD
Rhmol12G0183500	ZF-HD
Rhmol12G0183600	ZF-HD
Rhmol12G0183700	MYB
Rhmol12G0185100	bHlH
Rhmol12G0188400	HD-ZIP
Rhmol12G0188900	LBD
Rhmol12G0190200	MYB_related
Rhmol12G0191300	WD40
Rhmol12G0193600	bHlH
Rhmol12G0194300	MYB
Rhmol12G0195800	WD40
Rhmol12G0197100	MYB
Rhmol12G0201500	WD40
Rhmol12G0202700	C2H2
Rhmol12G0202800	C3H
Rhmol12G0205800	Trihelix
Rhmol12G0208000	NF-YC
Rhmol12G0208600	M-type_MADS
Rhmol12G0212900	bHlH
Rhmol12G0213600	ERF
Rhmol12G0218600	AP2
Rhmol12G0220900	WRKY
Rhmol12G0223700	WD40
Rhmol12G0224600	FAR1
Rhmol12G0226300	ERF
Rhmol12G0229000	WD40
Rhmol12G0231300	WD40
Rhmol12G0231400	WD40
Rhmol12G0231800	Trihelix
Rhmol12G0234300	HD-ZIP
Rhmol12G0235700	WD40
Rhmol12G0236000	ERF
Rhmol12G0239500	bHlH
Rhmol12G0240600	WD40
Rhmol12G0241600	WD40
Rhmol12G0242300	C2H2
Rhmol12G0244200	MYB
Rhmol12G0245300	MYB_related
Rhmol12G0245600	MYB
Rhmol13G0002500	SBP
Rhmol13G0002700	WD40
Rhmol13G0004400	MYB_related
Rhmol13G0006200	WRKY
Rhmol13G0006300	bHlH
Rhmol13G0007400	WRKY
Rhmol13G0008800	WD40
Rhmol13G0010200	MYB
Rhmol13G0010700	FAR1
Rhmol13G0017700	WD40
Rhmol13G0019100	C2H2
Rhmol13G0019400	HB-other
Rhmol13G0020500	C3H
Rhmol13G0021200	CO-like
Rhmol13G0023200	WD40
Rhmol13G0025800	WD40
Rhmol13G0031400	bHlH
Rhmol13G0032900	WD40
Rhmol13G0033600	WD40
Rhmol13G0034200	Dof
Rhmol13G0037500	WD40
Rhmol13G0042300	bHlH
Rhmol13G0043000	ERF
Rhmol13G0043200	ERF
Rhmol13G0043300	ERF
Rhmol13G0043500	MYB
Rhmol13G0044700	NAC
Rhmol13G0049400	G2-like
Rhmol13G0050500	WD40
Rhmol13G0051200	WD40
Rhmol13G0052200	bHlH
Rhmol13G0055700	FAR1
Rhmol13G0056600	Trihelix
Rhmol13G0059900	ERF
Rhmol13G0060100	B3
Rhmol13G0060200	B3
Rhmol13G0060300	B3
Rhmol13G0060400	B3
Rhmol13G0063300	bHlH
Rhmol13G0065400	bHlH
Rhmol13G0066600	FAR1
Rhmol13G0066700	FAR1
Rhmol13G0067000	FAR1
Rhmol13G0069300	LBD
Rhmol13G0071500	ERF
Rhmol13G0076300	LBD
Rhmol13G0076500	WRKY
Rhmol13G0078200	WRKY
Rhmol13G0080400	LBD
Rhmol13G0081800	bZIP
Rhmol13G0083700	C3H
Rhmol13G0085100	WD40
Rhmol13G0087600	MYB_related
Rhmol13G0087800	C2H2
Rhmol13G0094900	G2-like
Rhmol13G0096600	GRAS
Rhmol13G0096800	GRAS
Rhmol13G0096900	GRAS
Rhmol13G0097000	GRAS
Rhmol13G0097100	GRAS
Rhmol13G0097200	GRAS
Rhmol13G0097300	FAR1
Rhmol13G0098000	GRAS
Rhmol13G0098100	GRAS
Rhmol13G0098200	GRAS
Rhmol13G0098300	GRAS
Rhmol13G0098400	GRAS
Rhmol13G0098500	GRAS
Rhmol13G0098600	GRAS
Rhmol13G0098700	MYB_related
Rhmol13G0098900	MYB_related
Rhmol13G0102500	Dof
Rhmol13G0106400	MYB
Rhmol13G0109300	WOX
Rhmol13G0111100	AP2
Rhmol13G0112900	Dof
Rhmol13G0113200	LBD
Rhmol13G0115100	ARF
Rhmol13G0117300	HD-ZIP
Rhmol13G0117600	ARF
Rhmol13G0117700	GATA
Rhmol13G0122000	B3
Rhmol13G0122100	B3
Rhmol13G0122200	B3
Rhmol13G0123000	TCP
Rhmol13G0125000	MYB
Rhmol13G0127000	MYB
Rhmol13G0127100	bHlH
Rhmol13G0127300	C2H2
Rhmol13G0127600	C2H2
Rhmol13G0127700	MYB
Rhmol13G0131100	WD40
Rhmol13G0134300	FAR1
Rhmol13G0135900	C2H2
Rhmol13G0140600	WD40
Rhmol13G0142300	bZIP
Rhmol13G0142400	bZIP
Rhmol13G0143400	NF-YB
Rhmol13G0144600	NAC
Rhmol13G0149000	TCP
Rhmol13G0150000	WD40
Rhmol13G0150400	MYB_related
Rhmol13G0152000	ARF
Rhmol13G0154400	WD40
Rhmol13G0155300	BES1
Rhmol13G0155600	NF-YA
Rhmol13G0156600	WD40
Rhmol13G0156700	WD40
Rhmol13G0157200	FAR1
Rhmol13G0164400	WRKY
Rhmol13G0166400	Trihelix
Rhmol13G0168200	FAR1
Rhmol13G0170900	FAR1
Rhmol13G0175600	MYB
Rhmol13G0181300	G2-like
Rhmol13G0181400	G2-like
Rhmol13G0189700	WD40
Rhmol13G0189800	WD40
Rhmol13G0190700	GRAS
Rhmol13G0195700	FAR1
Rhmol13G0196500	FAR1
Rhmol13G0196700	FAR1
Rhmol13G0196800	WD40
Rhmol13G0197500	FAR1
Rhmol13G0198500	TALE
Rhmol13G0200300	WRKY
Rhmol13G0202000	G2-like
Rhmol13G0207100	HD-ZIP
Rhmol13G0207800	MYB_related
Rhmol13G0214200	bHlH
Rhmol13G0214300	GeBP
Rhmol13G0215900	bHlH
Rhmol13G0220300	MYB
Rhmol13G0222900	MYB
Rhmol13G0228400	WD40
Rhmol13G0236000	HSF
Rhmol13G0236600	LSD
Rhmol13G0238300	WD40
Rhmol13G0238400	Dof
Rhmol13G0238500	SBP
Rhmol13G0240200	NAC
Rhmol13G0241300	VOZ
Rhmol13G0241700	WOX
Rhmol13G0241900	LBD
Rhmol13G0248800	bHlH
Rhmol13G0249600	Dof
Rhmol13G0251500	WRKY
Rhmol13G0253100	MIKC_MADS
Rhmol13G0257000	WRKY
Rhmol13G0257300	M-type_MADS
Rhmol13G0262400	NAC
Rhmol13G0263600	TALE
Rhmol13G0267400	WD40
Rhmol13G0267600	FAR1
Rhmol13G0269100	NF-YC
Rhmol13G0270000	MYB
Rhmol13G0274100	bZIP
Rhmol13G0276900	SRS
Rhmol13G0277400	HB-other
Rhmol13G0280100	RAV
Rhmol13G0284300	GRAS
Rhmol13G0289200	NAC
Rhmol13G0289400	NAC
Rhmol13G0290100	NF-YA
Rhmol13G0290700	MYB
Rhmol13G0292200	M-type_MADS
Rhmol13G0292500	Trihelix
Rhmol13G0292900	C2H2
Rhmol13G0293600	AP2
Rhmol13G0294300	bHlH
Rhmol13G0295100	EIL
Rhmol13G0296200	WD40
Rhmol13G0296900	MYB_related
Rhmol13G0297200	C3H
Rhmol13G0304600	MYB
Rhmol13G0304900	ERF
RhmolUnG0003600	MYB
